,id,first_name,second_name,team_name,team_id,type_name,event_points,event_total,assists,goals_scored,goals_conceded,now_cost,bonus,bps,dreamteam_count,chance_of_playing_next_round,chance_of_playing_this_round,minutes,form,points_per_game,next_fixture,total_points
0,1,Wojciech,Szczesny,Arsenal,1,Goalkeeper,0,0,0,0,0,50,0,0,0,0.0,0.0,0,0.0,0.0,Leicester (H),0
1,2,David,Ospina,Arsenal,1,Goalkeeper,0,0,0,0,0,47,0,0,0,100.0,100.0,0,0.0,0.0,Leicester (H),0
2,3,Petr,Cech,Arsenal,1,Goalkeeper,10,10,0,0,22,59,12,542,1,,,2250,6.6,4.9,Leicester (H),123
3,4,Laurent,Koscielny,Arsenal,1,Defender,6,6,0,3,21,63,14,532,3,100.0,100.0,1900,4.4,4.7,Leicester (H),103
4,5,Per,Mertesacker,Arsenal,1,Defender,0,0,0,0,19,52,0,360,0,100.0,100.0,1547,1.0,2.9,Leicester (H),53
5,6,Gabriel Armando,de Abreu,Arsenal,1,Defender,7,7,0,1,5,43,6,274,2,100.0,100.0,914,2.8,5.0,Leicester (H),55
6,7,Héctor,Bellerín,Arsenal,1,Defender,6,6,2,0,19,61,8,548,1,100.0,100.0,2070,4.4,4.4,Leicester (H),101
7,8,Kieran,Gibbs,Arsenal,1,Defender,1,1,0,1,4,52,0,81,0,100.0,100.0,284,0.4,1.8,Leicester (H),24
8,9,Mathieu,Debuchy,Arsenal,1,Defender,0,0,0,0,3,51,0,32,0,0.0,0.0,142,0.0,1.5,Leicester (H),3
9,10,Carl,Jenkinson,West Ham,20,Defender,0,0,0,2,24,49,0,189,0,0.0,0.0,1228,0.6,1.4,Norwich (A),28
10,11,Nacho,Monreal,Arsenal,1,Defender,6,6,2,0,22,59,10,596,0,,,2169,4.8,4.0,Leicester (H),101
11,12,Calum,Chambers,Arsenal,1,Defender,0,0,1,0,3,46,1,104,0,,,272,0.2,2.1,Leicester (H),21
12,13,Alexis,Sánchez,Arsenal,1,Midfielder,3,3,2,6,9,110,8,277,2,100.0,100.0,1306,1.4,4.9,Leicester (H),83
13,14,Theo,Walcott,Arsenal,1,Midfielder,1,1,3,3,10,81,0,142,0,100.0,100.0,1174,1.8,3.4,Leicester (H),65
14,15,Mesut,Özil,Arsenal,1,Midfielder,10,10,16,4,19,99,25,609,3,100.0,100.0,1989,3.4,6.4,Leicester (H),148
15,16,Santiago,Cazorla,Arsenal,1,Midfielder,0,0,3,0,12,79,6,282,0,0.0,0.0,1203,0.0,2.9,Leicester (H),41
16,17,Aaron,Ramsey,Arsenal,1,Midfielder,6,6,3,4,17,80,7,372,2,100.0,100.0,1857,5.0,4.2,Leicester (H),88
17,18,Jack,Wilshere,Arsenal,1,Midfielder,0,0,0,0,0,58,0,0,0,0.0,0.0,0,0.0,0.0,Leicester (H),0
18,19,Alex,Oxlade-Chamberlain,Arsenal,1,Midfielder,8,8,1,1,10,55,0,182,0,100.0,100.0,846,2.6,2.0,Leicester (H),42
19,20,Mikel,Arteta,Arsenal,1,Midfielder,0,0,0,0,4,47,0,36,0,100.0,100.0,166,0.2,0.8,Leicester (H),6
20,21,Tomas,Rosicky,Arsenal,1,Midfielder,0,0,0,0,0,49,0,0,0,0.0,0.0,0,0.0,0.0,Leicester (H),0
21,22,Serge,Gnabry,West Brom,19,Midfielder,0,0,0,0,0,45,0,2,0,100.0,100.0,13,0.0,1.0,Everton (A),1
22,23,Gedion,Zelalem,Arsenal,1,Midfielder,0,0,0,0,0,48,0,0,0,0.0,0.0,0,0.0,0.0,Leicester (H),0
23,24,Francis,Coquelin,Arsenal,1,Midfielder,1,1,0,0,5,42,0,214,0,100.0,100.0,919,0.2,1.8,Leicester (H),25
24,25,Mathieu,Flamini,Arsenal,1,Midfielder,2,2,0,0,11,44,0,153,0,100.0,100.0,1083,2.2,1.9,Leicester (H),28
25,26,Olivier,Giroud,Arsenal,1,Forward,5,5,3,12,19,91,9,387,0,,,1699,4.6,4.2,Leicester (H),105
26,27,Danny,Welbeck,Arsenal,1,Forward,0,0,0,0,0,73,0,0,0,0.0,0.0,0,0.0,0.0,Leicester (H),0
27,28,Chuba,Akpom,Arsenal,1,Forward,0,0,0,0,0,50,0,0,0,0.0,0.0,0,0.0,0.0,Leicester (H),0
28,29,Yaya,Sanogo,Arsenal,1,Forward,0,0,0,0,0,50,0,0,0,0.0,0.0,0,0.0,0.0,Leicester (H),0
29,30,Bradley,Guzan,Aston Villa,2,Goalkeeper,0,0,0,0,37,42,0,330,0,,,1800,0.0,2.4,Liverpool (H),48
30,31,Shay,Given,Stoke,15,Goalkeeper,0,0,0,0,0,43,0,0,0,0.0,0.0,0,0.0,0.0,Bournemouth (A),0
31,32,Leandro,Bacuna,Aston Villa,2,Defender,6,6,0,0,24,47,2,276,0,100.0,100.0,1591,4.4,2.1,Liverpool (H),43
32,33,Kieran,Richardson,Aston Villa,2,Defender,0,0,1,0,17,41,1,86,0,100.0,100.0,559,0.2,1.0,Liverpool (H),9
33,34,Ron,Vlaar,Aston Villa,2,Defender,0,0,0,0,0,45,0,0,0,,,0,0.0,0.0,Liverpool (H),0
34,35,Philippe,Senderos,Aston Villa,2,Defender,0,0,0,0,0,40,0,0,0,100.0,100.0,0,0.0,0.0,Liverpool (H),0
35,36,Aly,Cissokho,Aston Villa,2,Defender,6,6,0,0,6,45,4,118,0,,,540,4.8,4.2,Liverpool (H),25
36,37,Alan,Hutton,Aston Villa,2,Defender,0,0,1,0,31,41,0,232,0,75.0,75.0,1430,0.0,1.2,Liverpool (H),21
37,38,Ciaran,Clark,Aston Villa,2,Defender,1,1,0,0,17,43,0,148,0,100.0,100.0,812,0.4,1.5,Liverpool (H),17
38,39,Jores,Okore,Aston Villa,2,Defender,6,6,0,0,8,44,0,156,0,100.0,100.0,810,4.2,3.1,Liverpool (H),28
39,40,Nathan,Baker,Aston Villa,2,Defender,0,0,0,0,0,40,0,0,0,0.0,0.0,0,0.0,0.0,Liverpool (H),0
40,41,Lewis,Kinsella,Aston Villa,2,Defender,0,0,0,0,0,39,0,0,0,,,0,0.0,0.0,Liverpool (H),0
41,42,Micah,Richards,Aston Villa,2,Defender,6,6,1,1,31,44,3,335,0,100.0,100.0,1620,2.4,2.7,Liverpool (H),49
42,43,Fabian,Delph,Man City,9,Midfielder,1,1,0,2,9,54,4,126,0,100.0,75.0,514,2.6,2.5,Spurs (H),30
43,44,Carles,Gil de Pareja Vicent,Aston Villa,2,Midfielder,6,6,1,2,15,46,0,184,0,100.0,100.0,1082,3.2,2.4,Liverpool (H),44
44,45,Charles,N'Zogbia,Aston Villa,2,Midfielder,0,0,0,0,0,45,0,7,0,,,43,0.0,1.0,Liverpool (H),2
45,46,Joe,Cole,Aston Villa,2,Midfielder,0,0,0,0,0,47,0,0,0,0.0,0.0,0,0.0,0.0,Liverpool (H),0
46,47,Jack,Grealish,Aston Villa,2,Midfielder,0,0,0,1,21,52,0,113,0,100.0,100.0,762,0.0,2.0,Liverpool (H),24
47,48,Scott,Sinclair,Aston Villa,2,Midfielder,0,0,0,2,24,42,2,75,1,,,1065,0.4,2.4,Liverpool (H),40
48,49,Ashley,Westwood,Aston Villa,2,Midfielder,3,3,1,0,25,42,1,255,0,100.0,75.0,1567,2.2,2.1,Liverpool (H),40
49,50,Carlos,Sánchez,Aston Villa,2,Midfielder,0,0,0,0,19,43,0,190,0,25.0,25.0,1043,0.0,1.7,Liverpool (H),26
50,51,Christian,Benteke,Liverpool,8,Forward,0,0,3,6,16,81,11,215,0,100.0,100.0,1217,1.4,3.5,Aston Villa (A),74
51,52,Gabriel,Agbonlahor,Aston Villa,2,Forward,7,7,2,1,9,47,1,93,0,100.0,100.0,733,1.8,2.9,Liverpool (H),29
52,53,Libor,Kozák,Aston Villa,2,Forward,0,0,0,0,2,44,0,16,0,0.0,0.0,258,1.2,1.8,Liverpool (H),7
53,54,Rushian,Hepburn-Murphy,Aston Villa,2,Forward,0,0,0,0,0,41,0,0,0,,,0,0.0,0.0,Liverpool (H),0
54,55,Artur,Boruc,Bournemouth,3,Goalkeeper,2,2,0,0,28,45,6,326,2,100.0,100.0,1800,3.2,3.5,Stoke (H),71
55,56,Adam,Federici,Bournemouth,3,Goalkeeper,0,0,0,0,12,44,0,54,0,100.0,100.0,405,0.0,1.4,Stoke (H),7
56,57,Simon,Francis,Bournemouth,3,Defender,1,1,2,0,41,42,5,479,0,,,2216,2.2,2.3,Stoke (H),57
57,58,Steve,Cook,Bournemouth,3,Defender,1,1,1,1,37,43,4,417,2,100.0,100.0,2025,2.2,2.7,Stoke (H),63
58,59,Tommy,Elphick,Bournemouth,3,Defender,0,0,0,0,9,42,0,66,0,100.0,100.0,450,0.0,1.6,Stoke (H),8
59,60,Charlie,Daniels,Bournemouth,3,Defender,1,1,4,2,37,46,14,512,3,100.0,100.0,2115,6.0,3.8,Stoke (H),92
60,61,Adam,Smith,Bournemouth,3,Defender,1,1,0,2,23,41,9,366,1,,,1493,2.0,2.7,Stoke (H),64
61,62,Tyrone,Mings,Bournemouth,3,Defender,0,0,0,0,0,41,0,3,0,0.0,0.0,11,0.0,1.0,Stoke (H),1
62,63,Sylvain,Distin,Bournemouth,3,Defender,0,0,0,0,21,40,0,164,0,100.0,100.0,842,0.2,1.5,Stoke (H),16
63,64,Matt,Ritchie,Bournemouth,3,Midfielder,2,2,4,2,37,53,3,300,0,100.0,100.0,2020,2.0,3.0,Stoke (H),71
64,65,Christian,Atsu,Chelsea,4,Midfielder,0,0,0,0,0,50,0,0,0,0.0,0.0,0,0.0,0.0,Newcastle (H),0
65,66,Joshua,King,Bournemouth,3,Midfielder,1,1,1,2,20,44,3,105,1,100.0,100.0,989,0.4,2.4,Stoke (H),43
66,67,Harry,Arter,Bournemouth,3,Midfielder,2,2,0,1,17,47,1,216,0,100.0,100.0,1192,3.2,2.1,Stoke (H),31
67,68,Marc,Pugh,Bournemouth,3,Midfielder,2,2,3,2,20,46,0,157,0,100.0,100.0,888,3.8,2.9,Stoke (H),44
68,69,Andrew,Surman,Bournemouth,3,Midfielder,2,2,2,0,41,43,2,405,0,,,2250,2.6,2.4,Stoke (H),61
69,70,Eunan,O'Kane,Bournemouth,3,Midfielder,0,0,1,0,14,42,0,79,0,,,576,0.2,1.5,Stoke (H),19
70,71,Shaun,MacDonald,Bournemouth,3,Midfielder,0,0,0,0,1,43,0,6,0,100.0,100.0,27,0.0,1.0,Stoke (H),2
71,72,Junior,Stanislas,Bournemouth,3,Midfielder,1,1,2,3,14,42,5,215,1,100.0,75.0,1122,2.8,3.7,Stoke (H),56
72,73,Dan,Gosling,Bournemouth,3,Midfielder,2,2,2,3,32,44,6,323,0,,,1857,3.6,3.0,Stoke (H),73
73,74,Callum,Wilson,Bournemouth,3,Forward,0,0,0,5,9,53,5,141,1,0.0,0.0,541,0.0,5.4,Stoke (H),38
74,75,Yann,Kermorgant,Bournemouth,3,Forward,0,0,0,0,3,44,0,14,0,0.0,0.0,130,0.2,1.0,Stoke (H),7
75,76,Tokelo,Rantie,Bournemouth,3,Forward,0,0,0,0,0,41,0,6,0,75.0,75.0,41,0.0,1.0,Stoke (H),3
76,77,Thibaut,Courtois,Chelsea,4,Goalkeeper,5,5,0,0,18,52,1,255,0,100.0,100.0,1221,4.0,3.4,Newcastle (H),48
77,78,John,Terry,Chelsea,4,Defender,2,2,0,1,28,66,6,342,0,100.0,100.0,1680,4.6,2.8,Newcastle (H),56
78,79,Branislav,Ivanovic,Chelsea,4,Defender,2,2,3,1,29,66,11,421,2,100.0,100.0,1890,5.2,3.9,Newcastle (H),82
79,80,César,Azpilicueta,Chelsea,4,Defender,2,2,2,2,32,57,10,501,1,,,2029,4.8,3.6,Newcastle (H),87
80,81,Gary,Cahill,Chelsea,4,Defender,1,1,1,1,22,61,0,217,0,100.0,100.0,1057,0.2,2.5,Newcastle (H),32
81,82,Kurt,Zouma,Chelsea,4,Defender,1,1,1,1,26,54,7,412,1,0.0,100.0,1918,3.4,3.5,Newcastle (H),81
82,83,Filipe Luis,Kasmirski,Chelsea,4,Defender,0,0,0,0,0,55,0,0,0,,,0,0.0,0.0,Newcastle (H),0
83,84,Nathan,Aké,Watford,18,Defender,2,2,1,1,14,44,6,254,1,100.0,100.0,1214,1.2,3.4,Crystal Palace (A),55
84,85,Andreas,Christensen,Chelsea,4,Defender,0,0,0,0,0,45,0,0,0,0.0,0.0,0,0.0,0.0,Newcastle (H),0
85,86,Eden,Hazard,Chelsea,4,Midfielder,1,1,3,1,23,108,2,260,1,100.0,100.0,1456,0.6,2.5,Newcastle (H),54
86,87,Cesc,Fàbregas,Chelsea,4,Midfielder,2,2,3,1,27,84,6,396,1,100.0,100.0,1807,4.6,2.9,Newcastle (H),69
87,88,Oscar,dos Santos Emboaba Junior,Chelsea,4,Midfielder,1,1,2,3,18,81,3,249,1,100.0,100.0,1295,2.4,3.1,Newcastle (H),58
88,89,Juan,Cuadrado,Chelsea,4,Midfielder,0,0,0,0,2,74,0,5,0,0.0,0.0,27,0.0,1.0,Newcastle (H),1
89,90,Willian,Borges Da Silva,Chelsea,4,Midfielder,2,2,7,3,26,70,9,434,1,100.0,100.0,1894,3.0,3.9,Newcastle (H),94
90,91,Ramires,Santos do Nascimento,Chelsea,4,Midfielder,0,0,0,2,10,53,1,100,0,0.0,0.0,609,0.0,2.4,Newcastle (H),29
91,92,Nemanja,Matic,Chelsea,4,Midfielder,2,2,0,1,27,46,2,323,0,100.0,100.0,1715,1.8,2.0,Newcastle (H),48
92,93,Ruben,Loftus-Cheek,Chelsea,4,Midfielder,0,0,0,0,1,46,0,19,0,,,65,0.0,1.0,Newcastle (H),4
93,94,John Obi,Mikel,Chelsea,4,Midfielder,2,2,1,0,11,42,0,177,0,,,871,2.2,1.8,Newcastle (H),25
94,95,Isaiah,Brown,Chelsea,4,Midfielder,0,0,0,0,0,45,0,0,0,0.0,0.0,0,0.0,0.0,Newcastle (H),0
95,96,Victor,Moses,West Ham,20,Midfielder,2,2,3,1,13,49,0,92,0,100.0,100.0,767,1.0,2.5,Norwich (A),35
96,97,Nathan Allan,de Souza,Chelsea,4,Midfielder,0,0,0,0,0,50,0,0,0,0.0,0.0,0,0.0,0.0,Newcastle (H),0
97,98,Diego,Da Silva Costa,Chelsea,4,Forward,9,9,4,9,29,106,11,261,3,100.0,100.0,1774,5.2,4.4,Newcastle (H),93
98,99,Loïc,Remy,Chelsea,4,Forward,0,0,1,1,3,71,2,56,0,0.0,0.0,185,0.4,2.0,Newcastle (H),20
99,100,Dominic,Solanke,Chelsea,4,Forward,0,0,0,0,0,50,0,0,0,0.0,0.0,0,0.0,0.0,Newcastle (H),0
100,101,Radamel Falcao,García Zárate,Chelsea,4,Forward,0,0,0,1,8,69,1,41,0,0.0,0.0,222,0.0,1.6,Newcastle (H),14
101,102,Julian,Speroni,Crystal Palace,5,Goalkeeper,0,0,0,0,0,43,0,0,0,100.0,100.0,0,0.0,0.0,Watford (H),0
102,103,Wayne,Hennessey,Crystal Palace,5,Goalkeeper,2,2,0,0,23,42,1,308,0,,,1710,1.6,3.4,Watford (H),64
103,104,Scott,Dann,Crystal Palace,5,Defender,9,9,1,5,29,58,11,449,3,100.0,100.0,2160,3.6,4.4,Watford (H),105
104,105,Joel,Ward,Crystal Palace,5,Defender,2,2,0,2,23,45,7,329,2,100.0,100.0,1620,1.0,3.5,Watford (H),63
105,106,Adrian,Mariappa,Crystal Palace,5,Defender,0,0,0,0,1,37,0,13,0,,,75,0.0,2.0,Watford (H),2
106,107,Martin,Kelly,Crystal Palace,5,Defender,0,0,0,0,7,41,0,123,0,,,720,0.0,3.1,Watford (H),25
107,108,Damien,Delaney,Crystal Palace,5,Defender,6,6,3,1,25,44,6,324,1,100.0,100.0,1710,2.0,3.2,Watford (H),61
108,109,Pape,Souaré,Crystal Palace,5,Defender,2,2,1,0,29,44,4,351,0,100.0,100.0,2070,1.2,2.7,Watford (H),61
109,110,Ezekiel,Fryers,Crystal Palace,5,Defender,0,0,0,0,0,40,0,0,0,100.0,100.0,0,0.0,0.0,Watford (H),0
110,111,Brede,Hangeland,Crystal Palace,5,Defender,0,0,0,0,6,41,2,127,0,,,630,0.0,3.6,Watford (H),25
111,112,Yannick,Bolasie,Crystal Palace,5,Midfielder,0,0,1,4,12,60,5,191,1,0.0,0.0,1259,0.0,3.8,Watford (H),61
112,113,Jason,Puncheon,Crystal Palace,5,Midfielder,0,0,3,0,27,55,0,324,0,0.0,0.0,2034,1.6,2.5,Watford (H),60
113,114,Wilfried,Zaha,Crystal Palace,5,Midfielder,2,2,5,2,23,53,0,252,0,100.0,100.0,1785,3.0,2.8,Watford (H),67
114,115,Mile,Jedinak,Crystal Palace,5,Midfielder,1,1,0,0,12,46,0,85,0,100.0,100.0,585,0.6,1.1,Watford (H),16
115,116,Joe,Ledley,Crystal Palace,5,Midfielder,0,0,0,0,10,46,0,100,0,0.0,0.0,539,1.0,1.6,Watford (H),18
116,117,James,McArthur,Crystal Palace,5,Midfielder,0,0,2,2,23,50,2,345,1,0.0,0.0,1933,1.2,2.8,Watford (H),66
117,118,Jordon,Mutch,Crystal Palace,5,Midfielder,2,2,0,0,7,41,0,66,0,100.0,100.0,419,0.8,1.2,Watford (H),15
118,119,Barry,Bannan,Crystal Palace,5,Midfielder,0,0,0,0,0,44,0,0,0,0.0,0.0,0,0.0,0.0,Watford (H),0
119,120,Jonathan,Williams,Crystal Palace,5,Midfielder,0,0,0,0,0,43,0,3,0,0.0,0.0,11,0.0,1.0,Watford (H),1
120,121,Chung-yong,Lee,Crystal Palace,5,Midfielder,1,1,0,1,7,43,2,86,0,100.0,100.0,273,0.8,1.9,Watford (H),19
121,122,Adlène,Guédioura,Watford,18,Midfielder,0,0,0,0,3,42,0,29,0,100.0,100.0,59,0.0,1.0,Crystal Palace (A),10
122,123,Glenn,Murray,Bournemouth,3,Forward,0,0,0,3,18,54,0,97,0,100.0,100.0,796,0.6,1.8,Stoke (H),35
123,124,Dwight,Gayle,Crystal Palace,5,Forward,0,0,1,0,6,51,0,21,0,75.0,100.0,373,0.0,1.3,Watford (H),9
124,125,Fraizer,Campbell,Crystal Palace,5,Forward,1,1,0,0,7,54,0,10,0,100.0,100.0,324,0.6,1.1,Watford (H),10
125,126,Marouane,Chamakh,Crystal Palace,5,Forward,1,1,0,0,4,47,0,22,0,100.0,100.0,257,0.6,0.9,Watford (H),9
126,127,Tim,Howard,Everton,6,Goalkeeper,0,0,0,0,34,49,5,432,2,75.0,25.0,2070,2.4,3.6,West Brom (H),83
127,128,Joel,Robles,Everton,6,Goalkeeper,7,7,0,0,0,43,0,53,0,,,180,2.8,7.0,West Brom (H),14
128,129,Leighton,Baines,Everton,6,Defender,0,0,2,0,11,61,2,151,0,100.0,100.0,659,3.2,3.5,West Brom (H),28
129,130,Seamus,Coleman,Everton,6,Defender,13,13,3,1,26,58,5,381,2,100.0,100.0,1718,3.8,3.5,West Brom (H),70
130,131,Phil,Jagielka,Everton,6,Defender,7,7,0,0,16,51,3,294,0,100.0,100.0,1221,4.0,3.4,West Brom (H),48
131,132,John,Stones,Everton,6,Defender,0,0,0,0,31,54,4,422,0,75.0,25.0,1890,1.6,2.7,West Brom (H),56
132,133,Luke,Garbutt,Everton,6,Defender,0,0,0,0,0,45,0,0,0,0.0,0.0,0,0.0,0.0,West Brom (H),0
133,134,Brendan,Galloway,Everton,6,Defender,0,0,1,0,20,40,0,216,0,100.0,100.0,1221,0.0,2.6,West Brom (H),39
134,135,Tony,Hibbert,Everton,6,Defender,0,0,0,0,0,39,0,0,0,0.0,0.0,0,0.0,0.0,West Brom (H),0
135,136,Tyias,Browning,Everton,6,Defender,0,0,0,0,5,39,0,55,0,0.0,0.0,298,0.0,1.8,West Brom (H),9
136,137,Kevin,Mirallas,Everton,6,Midfielder,1,1,0,2,5,68,1,80,0,100.0,100.0,458,2.0,1.9,West Brom (H),25
137,138,Ross,Barkley,Everton,6,Midfielder,3,3,8,8,33,74,14,518,4,,,2182,5.2,5.3,West Brom (H),133
138,139,Tom,Cleverley,Everton,6,Midfielder,12,12,4,1,15,51,8,258,2,100.0,100.0,1082,4.2,3.9,West Brom (H),54
139,140,Leon,Osman,Everton,6,Midfielder,1,1,0,0,0,44,0,19,0,,,107,0.8,1.4,West Brom (H),7
140,141,James,McCarthy,Everton,6,Midfielder,3,3,2,0,17,46,0,267,0,100.0,100.0,1434,1.2,2.5,West Brom (H),42
141,142,Aiden,McGeady,Everton,6,Midfielder,0,0,0,0,0,49,0,0,0,0.0,0.0,0,0.0,0.0,West Brom (H),0
142,143,Steven,Pienaar,Everton,6,Midfielder,0,0,0,0,2,48,0,20,0,100.0,100.0,93,0.8,1.3,West Brom (H),4
143,144,Gareth,Barry,Everton,6,Midfielder,3,3,2,0,34,42,4,382,0,100.0,100.0,2250,3.4,2.5,West Brom (H),62
144,145,Darron,Gibson,Everton,6,Midfielder,0,0,0,0,1,44,0,15,0,100.0,100.0,42,0.0,1.0,West Brom (H),4
145,146,Muhamed,Besic,Everton,6,Midfielder,0,0,0,0,3,44,0,72,0,0.0,25.0,251,1.0,1.3,West Brom (H),8
146,147,Bryan,Oviedo,Everton,6,Midfielder,3,3,0,0,5,42,0,83,0,100.0,100.0,444,2.0,2.1,West Brom (H),15
147,148,Gerard,Deulofeu,Everton,6,Midfielder,0,0,9,2,22,60,3,312,1,100.0,100.0,1146,1.8,3.5,West Brom (H),73
148,149,Romelu,Lukaku,Everton,6,Forward,9,9,5,16,34,88,25,531,7,100.0,75.0,2151,3.2,6.0,West Brom (H),151
149,150,Steven,Naismith,Norwich,12,Forward,2,2,1,4,17,50,5,159,1,100.0,100.0,686,3.0,3.3,West Ham (H),43
150,151,Arouna,Koné,Everton,6,Forward,1,1,4,5,19,45,6,284,2,,,1281,0.6,3.3,West Brom (H),72
151,152,Kasper,Schmeichel,Leicester,7,Goalkeeper,3,3,0,0,27,45,3,456,1,,,2250,5.0,3.6,Arsenal (A),89
152,153,Ben,Hamer,Leicester,7,Goalkeeper,0,0,0,0,0,40,0,0,0,0.0,0.0,0,0.0,0.0,Arsenal (A),0
153,154,Wes,Morgan,Leicester,7,Defender,1,1,0,0,27,43,0,400,0,100.0,100.0,2250,4.2,2.9,Arsenal (A),73
154,155,Christian,Fuchs,Leicester,7,Defender,6,6,3,0,11,48,12,426,2,100.0,100.0,1553,7.0,4.6,Arsenal (A),87
155,156,Jeffrey,Schlupp,Leicester,7,Defender,0,0,1,1,19,47,0,184,1,0.0,0.0,998,0.0,1.9,Arsenal (A),26
156,157,Marcin,Wasilewski,Leicester,7,Defender,0,0,0,0,2,40,0,7,0,,,90,0.0,0.0,Arsenal (A),0
157,158,Paul,Konchesky,Leicester,7,Defender,0,0,0,0,0,45,0,0,0,0.0,0.0,0,0.0,0.0,Arsenal (A),0
158,159,Ritchie,de Laet,Leicester,7,Defender,0,0,0,1,16,45,3,145,1,0.0,0.0,658,0.2,1.8,Arsenal (A),22
159,160,Danny,Simpson,Leicester,7,Defender,1,1,1,0,12,42,5,349,1,,,1566,4.4,4.1,Arsenal (A),74
160,161,Liam,Moore,Leicester,7,Defender,0,0,0,0,0,38,0,0,0,100.0,100.0,0,0.0,0.0,Arsenal (A),0
161,162,Robert,Huth,Leicester,7,Defender,16,16,0,3,25,45,7,415,2,100.0,100.0,2160,9.0,3.8,Arsenal (A),91
162,163,Riyad,Mahrez,Leicester,7,Midfielder,14,14,10,14,21,71,32,609,10,100.0,100.0,1959,6.0,7.6,Arsenal (A),183
163,164,Marc,Albrighton,Leicester,7,Midfielder,3,3,7,1,19,49,4,390,1,,,1982,2.8,3.4,Arsenal (A),85
164,165,Andy,King,Leicester,7,Midfielder,0,0,0,0,13,42,0,124,0,,,748,0.4,1.3,Arsenal (A),22
165,166,Daniel,Drinkwater,Leicester,7,Midfielder,2,2,5,1,20,45,4,402,1,100.0,100.0,1957,4.8,3.3,Arsenal (A),76
166,167,Dean,Hammond,Leicester,7,Midfielder,0,0,0,0,0,43,0,0,0,0.0,0.0,0,0.0,0.0,Arsenal (A),0
167,168,Anthony,Knockaert,Leicester,7,Midfielder,0,0,0,0,0,45,0,0,0,,,0,0.0,0.0,Arsenal (A),0
168,169,Matthew,James,Leicester,7,Midfielder,0,0,0,0,0,44,0,0,0,0.0,0.0,0,0.0,0.0,Arsenal (A),0
169,170,Jamie,Vardy,Leicester,7,Forward,2,2,5,18,26,74,24,619,3,100.0,100.0,2178,5.6,6.2,Arsenal (A),156
170,171,Leonardo,Ulloa,Leicester,7,Forward,1,1,2,2,7,52,2,121,1,100.0,100.0,627,1.8,2.1,Arsenal (A),39
171,172,Andrej,Kramaric,Leicester,7,Forward,0,0,0,0,2,54,0,4,0,0.0,0.0,24,0.0,1.0,Arsenal (A),2
172,173,David,Nugent,Leicester,7,Forward,0,0,0,0,0,55,0,0,0,0.0,0.0,0,0.0,0.0,Arsenal (A),0
173,174,Shinji,Okazaki,Leicester,7,Forward,2,2,2,4,17,56,3,203,1,100.0,100.0,1254,3.2,2.5,Arsenal (A),58
174,175,Simon,Mignolet,Liverpool,8,Goalkeeper,1,1,0,0,33,49,1,372,0,100.0,100.0,2160,1.2,3.0,Aston Villa (A),71
175,176,Adam,Bogdan,Liverpool,8,Goalkeeper,0,0,0,0,3,43,0,10,0,,,90,0.0,1.0,Aston Villa (A),1
176,177,Martin,Skrtel,Liverpool,8,Defender,0,0,0,1,21,54,6,333,0,0.0,0.0,1480,0.0,3.1,Aston Villa (A),53
177,178,José,Enrique Sanchez Diaz,Liverpool,8,Defender,0,0,0,0,0,42,0,0,0,,,0,0.0,0.0,Aston Villa (A),0
178,179,Kolo,Touré,Liverpool,8,Defender,1,1,0,0,10,44,0,74,0,100.0,100.0,342,0.8,1.0,Aston Villa (A),7
179,180,Mamadou,Sakho,Liverpool,8,Defender,1,1,0,0,24,47,5,307,0,100.0,100.0,1380,1.0,2.4,Aston Villa (A),39
180,181,Tiago,Ilori,Liverpool,8,Defender,0,0,0,0,0,44,0,0,0,100.0,100.0,0,0.0,0.0,Aston Villa (A),0
181,182,Dejan,Lovren,Liverpool,8,Defender,1,1,0,0,16,48,4,287,0,75.0,100.0,1221,0.4,3.1,Aston Villa (A),50
182,183,Javier,Manquillo,Liverpool,8,Defender,0,0,0,0,0,45,0,0,0,,,0,0.0,0.0,Aston Villa (A),0
183,184,Alberto,Moreno,Liverpool,8,Defender,0,0,1,0,30,49,7,365,1,,,1830,1.0,2.4,Aston Villa (A),58
184,185,Andre,Wisdom,Norwich,12,Defender,0,0,0,0,9,42,2,100,1,100.0,100.0,554,0.0,2.3,West Ham (H),16
185,186,Nathaniel,Clyne,Liverpool,8,Defender,1,1,0,0,36,52,1,391,0,100.0,100.0,2250,0.8,2.4,Aston Villa (A),61
186,187,Leiva,Lucas,Liverpool,8,Midfielder,1,1,0,0,30,43,1,298,0,100.0,100.0,1517,1.2,1.6,Aston Villa (A),32
187,188,Jordan,Henderson,Liverpool,8,Midfielder,2,2,2,2,14,65,3,198,1,100.0,100.0,903,3.0,3.7,Aston Villa (A),44
188,189,Raheem,Sterling,Man City,9,Midfielder,2,2,3,5,21,85,3,268,1,100.0,100.0,1565,1.4,3.5,Spurs (H),81
189,190,Joe,Allen,Liverpool,8,Midfielder,1,1,0,1,2,49,0,56,0,75.0,75.0,193,1.6,1.7,Aston Villa (A),15
190,191,Philippe,Coutinho,Liverpool,8,Midfielder,0,0,3,5,17,80,12,284,3,100.0,0.0,1416,0.0,4.8,Aston Villa (A),82
191,192,Jordon,Ibe,Liverpool,8,Midfielder,1,1,2,0,20,45,0,128,0,100.0,100.0,854,1.0,1.8,Aston Villa (A),36
192,193,Emre,Can,Liverpool,8,Midfielder,2,2,1,0,32,53,0,319,0,100.0,100.0,1951,2.6,2.0,Aston Villa (A),47
193,194,Adam,Lallana,Liverpool,8,Midfielder,9,9,4,2,18,73,3,261,0,100.0,100.0,1471,4.8,3.2,Aston Villa (A),68
194,195,Lazar,Markovic,Liverpool,8,Midfielder,0,0,0,0,0,58,0,0,0,0.0,0.0,0,0.0,0.0,Aston Villa (A),0
195,196,Oluwaseyi,Ojo,Liverpool,8,Midfielder,0,0,0,0,0,50,0,0,0,100.0,100.0,0,0.0,0.0,Aston Villa (A),0
196,197,James,Milner,Liverpool,8,Midfielder,5,5,6,3,29,65,6,327,0,100.0,100.0,1747,5.0,3.9,Aston Villa (A),78
197,198,Roberto,Firmino,Liverpool,8,Midfielder,13,13,6,6,23,82,12,348,4,100.0,100.0,1328,9.6,4.6,Aston Villa (A),102
198,199,Daniel,Sturridge,Liverpool,8,Forward,0,0,0,2,6,99,3,60,1,100.0,0.0,291,0.0,3.8,Aston Villa (A),19
199,200,Rickie,Lambert,West Brom,19,Forward,0,0,2,1,9,53,0,102,0,,,620,0.0,1.7,Everton (A),30
200,201,Fabio,Borini,Sunderland,16,Forward,0,0,2,2,23,54,1,120,0,75.0,100.0,1113,2.4,2.5,Man Utd (H),38
201,202,Mario,Balotelli,Liverpool,8,Forward,0,0,0,0,0,69,0,0,0,0.0,0.0,0,0.0,0.0,Aston Villa (A),0
202,203,Danny,Ings,Liverpool,8,Forward,0,0,0,2,7,69,5,66,0,0.0,0.0,313,0.0,4.0,Aston Villa (A),20
203,204,Divock,Origi,Liverpool,8,Forward,0,0,0,1,3,54,2,34,0,100.0,0.0,271,0.0,1.9,Aston Villa (A),15
204,205,Joe,Hart,Man City,9,Goalkeeper,2,2,0,0,21,55,3,428,0,100.0,100.0,2070,5.0,4.2,Spurs (H),97
205,206,Willy,Caballero,Man City,9,Goalkeeper,0,0,0,0,5,48,0,36,0,,,180,0.0,2.5,Spurs (H),5
206,207,Aleksandar,Kolarov,Man City,9,Defender,1,1,2,2,22,61,11,415,1,100.0,100.0,1766,0.6,4.1,Spurs (H),86
207,208,Pablo,Zabaleta,Man City,9,Defender,0,0,0,0,5,57,0,61,0,100.0,100.0,360,1.2,2.3,Spurs (H),9
208,209,Vincent,Kompany,Man City,9,Defender,0,0,0,2,1,61,5,214,2,0.0,0.0,729,0.0,6.6,Spurs (H),59
209,210,Gaël,Clichy,Man City,9,Defender,0,0,0,0,3,53,6,105,1,100.0,100.0,399,4.0,4.4,Spurs (H),22
210,211,Martín,Demichelis,Man City,9,Defender,1,1,0,0,16,53,0,210,0,100.0,100.0,919,3.8,1.6,Spurs (H),28
211,212,Bacary,Sagna,Man City,9,Defender,0,0,3,0,22,58,17,485,2,100.0,100.0,1980,3.0,4.5,Spurs (H),99
212,213,Eliaquim,Mangala,Man City,9,Defender,0,0,0,0,13,53,0,255,0,0.0,0.0,1199,0.0,2.8,Spurs (H),39
213,214,Jason,Denayer,Man City,9,Defender,0,0,0,0,0,43,0,0,0,0.0,0.0,0,0.0,0.0,Spurs (H),0
214,215,Samir,Nasri,Man City,9,Midfielder,0,0,1,1,1,68,0,61,0,0.0,0.0,244,0.0,2.1,Spurs (H),15
215,216,David,Silva,Man City,9,Midfielder,2,2,8,1,12,99,3,301,2,50.0,100.0,1241,4.0,4.2,Spurs (H),71
216,217,Gnegneri Yaya,Touré,Man City,9,Midfielder,1,1,4,6,19,85,14,424,1,100.0,100.0,1771,1.8,4.5,Spurs (H),104
217,218,Jesús,Navas,Man City,9,Midfielder,0,0,6,0,12,61,1,271,0,0.0,0.0,1298,2.4,2.7,Spurs (H),60
218,219,Fernando,Luiz Rosa,Man City,9,Midfielder,2,2,1,2,20,56,5,362,0,100.0,100.0,1878,0.8,2.9,Spurs (H),63
219,220,Fernando Francisco,Reges,Man City,9,Midfielder,0,0,0,0,13,49,0,140,0,100.0,100.0,896,1.4,1.6,Spurs (H),23
220,221,Edin,Dzeko,Man City,9,Forward,0,0,0,0,0,75,0,0,0,0.0,0.0,0,0.0,0.0,Spurs (H),0
221,222,Sergio,Agüero,Man City,9,Forward,6,6,2,14,19,136,11,353,3,100.0,100.0,1326,8.2,5.9,Spurs (H),106
222,223,Stevan,Jovetic,Man City,9,Forward,0,0,0,0,0,70,0,0,0,0.0,0.0,0,0.0,0.0,Spurs (H),0
223,224,Wilfried,Bony,Man City,9,Forward,0,0,2,4,5,79,3,162,1,0.0,0.0,831,0.0,2.7,Spurs (H),46
224,225,Jose,Pozo,Man City,9,Forward,0,0,0,0,0,48,0,0,0,,,0,0.0,0.0,Spurs (H),0
225,226,David,de Gea,Man Utd,10,Goalkeeper,3,3,0,0,20,56,5,387,1,100.0,100.0,1890,4.4,4.2,Sunderland (A),89
226,227,Víctor,Valdés,Man Utd,10,Goalkeeper,0,0,0,0,0,47,0,0,0,0.0,0.0,0,0.0,0.0,Sunderland (A),0
227,228,Chris,Smalling,Man Utd,10,Defender,1,1,1,0,20,67,12,522,1,100.0,100.0,2160,3.0,4.1,Sunderland (A),99
228,229,Phil,Jones,Man Utd,10,Defender,0,0,0,0,4,48,6,139,0,75.0,0.0,530,0.0,3.1,Sunderland (A),31
229,230,Rafael Pereira,da Silva,Man Utd,10,Defender,0,0,0,0,0,50,0,0,0,,,0,0.0,0.0,Sunderland (A),0
230,231,Jonny,Evans,West Brom,19,Defender,0,0,0,1,22,47,7,390,1,0.0,0.0,1690,1.8,3.4,Everton (A),67
231,232,Guillermo,Varela,Man Utd,10,Defender,0,0,0,0,2,42,0,26,0,75.0,,135,0.0,1.0,Sunderland (A),2
232,233,Luke,Shaw,Man Utd,10,Defender,0,0,1,0,3,53,4,135,0,0.0,0.0,450,0.0,5.4,Sunderland (A),27
233,234,Tyler,Blackett,Man Utd,10,Defender,0,0,0,0,0,44,0,0,0,0.0,0.0,0,0.0,0.0,Sunderland (A),0
234,235,Marcos,Rojo,Man Utd,10,Defender,0,0,1,0,2,50,3,116,0,0.0,0.0,479,0.0,5.2,Sunderland (A),31
235,236,Patrick,McNair,Man Utd,10,Defender,0,0,0,0,6,46,0,51,0,100.0,100.0,313,0.2,1.1,Sunderland (A),8
236,237,Antonio,Valencia,Man Utd,10,Defender,0,0,0,0,1,51,1,85,0,0.0,0.0,284,0.0,2.8,Sunderland (A),17
237,238,Juan,Mata,Man Utd,10,Midfielder,2,2,3,4,18,81,7,380,1,,,1900,1.6,3.7,Sunderland (A),92
238,239,Marouane,Fellaini,Man Utd,10,Midfielder,3,3,2,1,10,62,2,133,0,100.0,100.0,891,3.2,2.5,Sunderland (A),38
239,240,Memphis,Depay,Man Utd,10,Midfielder,1,1,1,2,17,78,2,122,0,100.0,100.0,1016,0.8,2.4,Sunderland (A),46
240,241,Michael,Carrick,Man Utd,10,Midfielder,2,2,0,0,12,48,0,205,0,100.0,100.0,1153,1.0,1.7,Sunderland (A),31
241,242,Ashley,Young,Man Utd,10,Midfielder,0,0,3,0,14,56,0,163,0,0.0,0.0,1013,0.6,2.1,Sunderland (A),34
242,243,Adnan,Januzaj,Man Utd,10,Midfielder,0,0,0,1,1,55,0,32,0,75.0,100.0,130,0.2,3.3,Sunderland (A),10
243,244,Ander,Herrera,Man Utd,10,Midfielder,1,1,2,2,9,65,5,235,1,100.0,100.0,1052,1.6,2.9,Sunderland (A),53
244,245,Ángel,Di María,Man Utd,10,Midfielder,0,0,0,0,0,85,0,0,0,50.0,50.0,0,0.0,0.0,Sunderland (A),0
245,246,Daley,Blind,Man Utd,10,Midfielder,1,1,1,1,22,52,4,433,1,,,2043,2.2,2.9,Sunderland (A),66
246,247,Andreas,Pereira,Man Utd,10,Midfielder,0,0,0,0,2,46,0,16,0,100.0,100.0,84,0.2,0.8,Sunderland (A),3
247,248,Robin,van Persie,Man Utd,10,Forward,0,0,0,0,0,95,0,0,0,,,0,0.0,0.0,Sunderland (A),0
248,249,Javier,Hernández,Man Utd,10,Forward,0,0,0,0,0,60,0,1,0,0.0,0.0,24,0.0,1.0,Sunderland (A),1
249,250,Wayne,Rooney,Man Utd,10,Forward,5,5,5,7,16,100,11,370,1,100.0,100.0,1813,8.4,4.4,Sunderland (A),93
250,251,James,Wilson,Man Utd,10,Forward,0,0,0,0,0,45,0,2,0,0.0,0.0,9,0.0,1.0,Sunderland (A),1
251,252,Tim,Krul,Newcastle,11,Goalkeeper,0,0,0,0,17,43,3,150,1,0.0,0.0,720,0.0,2.9,Chelsea (A),23
252,253,Robert,Elliot,Newcastle,11,Goalkeeper,6,6,0,0,26,40,6,283,1,100.0,100.0,1440,2.4,3.6,Chelsea (A),57
253,254,Michael,Williamson,Newcastle,11,Defender,0,0,0,0,0,42,0,0,0,0.0,0.0,0,0.0,0.0,Chelsea (A),0
254,255,Steven,Taylor,Newcastle,11,Defender,8,8,0,0,1,38,2,56,0,100.0,100.0,225,1.6,5.0,Chelsea (A),15
255,256,Fabricio,Coloccini,Newcastle,11,Defender,6,6,0,1,44,45,1,388,0,100.0,100.0,2202,2.2,2.2,Chelsea (A),54
256,257,Massadio,Haidara,Newcastle,11,Defender,0,0,1,0,9,42,2,113,0,0.0,0.0,555,0.0,2.4,Chelsea (A),17
257,258,Paul,Dummett,Newcastle,11,Defender,0,0,0,1,22,43,5,236,0,0.0,0.0,1232,1.8,2.9,Chelsea (A),43
258,259,Daryl,Janmaat,Newcastle,11,Defender,9,9,3,1,44,48,4,394,0,75.0,100.0,2102,3.4,2.5,Chelsea (A),59
259,260,Gabriel,Obertan,Newcastle,11,Midfielder,0,0,1,0,6,42,0,38,0,0.0,0.0,279,0.0,2.2,Chelsea (A),11
260,261,Cheick,Tioté,Newcastle,11,Midfielder,3,3,0,0,8,44,0,112,0,100.0,0.0,654,0.8,1.4,Chelsea (A),17
261,262,Mehdi,Abeid,Newcastle,11,Midfielder,0,0,0,0,0,45,0,0,0,0.0,0.0,0,0.0,0.0,Chelsea (A),0
262,263,Vurnon,Anita,Newcastle,11,Midfielder,0,0,1,0,27,43,0,218,0,0.0,0.0,1370,0.0,1.9,Chelsea (A),35
263,264,Moussa,Sissoko,Newcastle,11,Midfielder,3,3,5,0,43,56,3,322,1,100.0,100.0,2077,2.2,2.8,Chelsea (A),67
264,265,Jack,Colback,Newcastle,11,Midfielder,0,0,0,0,25,52,0,241,0,0.0,0.0,1479,0.8,1.5,Chelsea (A),27
265,266,Yoan,Gouffran,Newcastle,11,Midfielder,0,0,0,0,7,55,0,24,0,,,154,0.6,1.1,Chelsea (A),8
266,267,Sammy,Ameobi,Newcastle,11,Midfielder,0,0,0,0,0,50,0,0,0,,,0,0.0,0.0,Chelsea (A),0
267,268,Siem,de Jong,Newcastle,11,Midfielder,0,0,1,0,4,60,0,57,0,0.0,0.0,353,0.2,1.4,Chelsea (A),20
268,269,Rémy,Cabella,Newcastle,11,Midfielder,0,0,0,0,0,65,0,0,0,0.0,0.0,0,0.0,0.0,Chelsea (A),0
269,270,Rolando,Aarons,Newcastle,11,Midfielder,3,3,0,0,4,45,0,24,0,100.0,100.0,253,1.0,1.3,Chelsea (A),8
270,271,Papiss Demba,Cissé,Newcastle,11,Forward,0,0,0,2,14,62,4,94,0,0.0,0.0,612,0.0,2.2,Chelsea (A),29
271,272,Adam,Armstrong,Newcastle,11,Forward,0,0,0,0,0,43,0,0,0,0.0,0.0,0,0.0,0.0,Chelsea (A),0
272,273,Ayoze,Pérez Gutiérrez,Newcastle,11,Forward,1,1,2,5,29,51,10,271,0,,,1492,2.8,3.1,Chelsea (A),72
273,274,Emmanuel,Riviere,Newcastle,11,Forward,0,0,0,0,0,54,0,2,0,100.0,100.0,3,0.2,1.0,Chelsea (A),1
274,275,John,Ruddy,Norwich,12,Goalkeeper,0,0,0,0,25,42,1,208,0,,,1260,0.0,2.5,West Ham (H),35
275,276,Declan,Rudd,Norwich,12,Goalkeeper,1,1,0,0,23,39,2,178,0,,,990,1.0,2.6,West Ham (H),29
276,277,Sebastien,Bassong,Norwich,12,Defender,1,1,0,1,48,42,1,355,0,,,2250,1.8,2.0,West Ham (H),49
277,278,Steven,Whittaker,Norwich,12,Defender,0,0,0,1,19,40,0,83,0,100.0,100.0,660,0.0,1.3,West Ham (H),10
278,279,Russell,Martin,Norwich,12,Defender,1,1,0,3,41,42,1,290,1,100.0,100.0,1797,0.6,2.4,West Ham (H),47
279,280,Martin,Olsson,Norwich,12,Defender,0,0,2,0,24,44,0,145,0,100.0,100.0,1031,0.2,1.9,West Ham (H),26
280,281,Michael,Turner,Norwich,12,Defender,0,0,0,0,0,39,0,0,0,,,0,0.0,0.0,West Ham (H),0
281,282,Jos,Hooiveld,Norwich,12,Defender,0,0,0,0,0,40,0,0,0,,,0,0.0,0.0,West Ham (H),0
282,283,Ryan,Bennett,Norwich,12,Defender,0,0,1,0,17,39,2,196,0,,,1125,0.0,2.5,West Ham (H),33
283,284,Bradley,Johnson,Norwich,12,Midfielder,0,0,0,0,4,53,0,6,0,0.0,0.0,154,0.0,1.3,West Ham (H),5
284,285,Nathan,Redmond,Norwich,12,Midfielder,1,1,2,4,30,51,5,277,1,100.0,100.0,1512,1.0,3.1,West Ham (H),71
285,286,Wes,Hoolahan,Norwich,12,Midfielder,1,1,7,3,21,47,6,307,2,100.0,100.0,1371,3.0,4.2,West Ham (H),83
286,287,Jonny,Howson,Norwich,12,Midfielder,1,1,2,3,44,49,10,365,1,,,1974,3.2,3.1,West Ham (H),78
287,288,Graham,Dorrans,Norwich,12,Midfielder,0,0,1,0,27,44,0,167,0,75.0,25.0,1042,1.2,1.8,West Ham (H),29
288,289,Alexander,Tettey,Norwich,12,Midfielder,0,0,0,2,35,43,6,282,1,0.0,0.0,1824,0.8,2.4,West Ham (H),50
289,290,Gary,O'Neil,Norwich,12,Midfielder,2,2,0,0,13,42,0,72,0,100.0,100.0,710,0.0,1.1,West Ham (H),17
290,291,Elliott,Bennett,Norwich,12,Midfielder,0,0,0,0,0,42,0,0,0,0.0,0.0,0,0.0,0.0,West Ham (H),0
291,292,Youssouf,Mulumbu,Norwich,12,Midfielder,1,1,0,0,9,43,1,65,0,100.0,100.0,368,0.6,1.6,West Ham (H),11
292,293,Cameron,Jerome,Norwich,12,Forward,0,0,2,3,22,45,3,105,1,100.0,100.0,1148,1.4,2.3,West Ham (H),56
293,294,Ricky,van Wolfswinkel,Norwich,12,Forward,0,0,0,0,0,47,0,0,0,,,0,0.0,0.0,West Ham (H),0
294,295,Lewis,Grabban,Bournemouth,3,Forward,1,1,0,1,8,42,1,43,0,100.0,100.0,316,0.6,1.6,Stoke (H),16
295,296,Gary,Hooper,Norwich,12,Forward,0,0,0,0,1,42,0,5,0,0.0,0.0,13,0.0,1.0,West Ham (H),2
296,297,Kyle,Lafferty,Norwich,12,Forward,0,0,0,0,0,43,0,2,0,100.0,100.0,14,0.0,1.0,West Ham (H),1
297,298,Fraser,Forster,Southampton,13,Goalkeeper,6,6,0,0,0,49,3,128,1,100.0,100.0,450,7.2,7.2,Swansea (A),36
298,299,Kelvin,Davis,Southampton,13,Goalkeeper,0,0,0,0,2,41,0,19,0,,,90,0.0,2.0,Swansea (A),2
299,300,Maarten,Stekelenburg,Southampton,13,Goalkeeper,0,0,0,0,19,50,0,273,0,100.0,100.0,1530,0.0,3.4,Swansea (A),57
300,301,Ryan,Bertrand,Southampton,13,Defender,6,6,3,0,16,53,3,339,1,100.0,100.0,1710,6.2,3.9,Swansea (A),74
301,302,Jose,Fonte,Southampton,13,Defender,8,8,0,2,23,54,12,520,1,100.0,100.0,2150,6.6,4.0,Swansea (A),101
302,303,Maya,Yoshida,Southampton,13,Defender,15,15,0,1,15,40,6,215,2,,,909,3.2,3.1,Swansea (A),47
303,304,Matt,Targett,Southampton,13,Defender,0,0,2,0,6,39,6,216,2,0.0,0.0,770,6.0,5.1,Swansea (A),51
304,305,Florin,Gardos,Southampton,13,Defender,0,0,0,0,0,44,0,0,0,0.0,0.0,0,0.0,0.0,Swansea (A),0
305,306,Toby,Alderweireld,Spurs,14,Defender,8,8,3,2,19,63,12,540,1,,,2250,3.8,4.6,Man City (A),114
306,307,Cédric,Soares,Southampton,13,Defender,7,7,1,0,12,48,6,426,0,100.0,100.0,1577,5.8,4.0,Swansea (A),76
307,308,Morgan,Schneiderlin,Man Utd,10,Midfielder,1,1,0,1,12,51,1,265,0,100.0,100.0,1403,1.6,2.5,Sunderland (A),45
308,309,Steven,Davis,Southampton,13,Midfielder,0,0,2,2,18,48,4,370,1,75.0,75.0,1681,2.4,3.0,Swansea (A),67
309,310,James,Ward-Prowse,Southampton,13,Midfielder,1,1,3,2,13,55,7,252,1,,,1202,4.8,2.8,Swansea (A),62
310,311,Victor,Wanyama,Southampton,13,Midfielder,1,1,1,0,24,42,0,286,0,0.0,100.0,1884,2.0,1.9,Swansea (A),41
311,312,Harrison,Reed,Southampton,13,Midfielder,0,0,0,0,0,42,0,2,0,,,11,0.0,1.0,Swansea (A),1
312,313,Dusan,Tadic,Southampton,13,Midfielder,0,0,5,6,16,67,7,372,2,,,1500,3.6,4.3,Swansea (A),100
313,314,Sadio,Mané,Southampton,13,Midfielder,1,1,8,3,21,74,5,290,1,100.0,100.0,1819,3.2,3.7,Swansea (A),92
314,315,Jake,Hesketh,Southampton,13,Midfielder,0,0,0,0,0,47,0,0,0,,,0,0.0,0.0,Swansea (A),0
315,316,Eljero,Elia,Southampton,13,Midfielder,0,0,0,0,0,60,0,0,0,,,0,0.0,0.0,Swansea (A),0
316,317,Filip,Djuricic,Southampton,13,Midfielder,0,0,0,0,0,55,0,0,0,,,0,0.0,0.0,Swansea (A),0
317,318,Shane,Long,Southampton,13,Forward,2,2,0,5,10,57,5,179,1,100.0,100.0,1203,3.0,3.2,Swansea (A),54
318,319,Jay,Rodriguez,Southampton,13,Forward,0,0,0,0,5,64,0,22,0,0.0,0.0,252,0.0,1.3,Swansea (A),10
319,320,Emmanuel,Mayuka,Southampton,13,Forward,0,0,0,0,0,45,0,0,0,0.0,0.0,0,0.0,0.0,Swansea (A),0
320,321,Graziano,Pellè,Southampton,13,Forward,2,2,5,6,17,78,6,242,3,100.0,100.0,1465,0.8,3.9,Swansea (A),75
321,322,Juan Miguel,Jiménez López,Southampton,13,Forward,0,0,0,0,2,53,0,32,0,,,147,0.2,1.0,Swansea (A),11
322,323,Hugo,Lloris,Spurs,14,Goalkeeper,6,6,0,0,18,52,4,434,1,100.0,100.0,2160,3.8,4.0,Man City (A),97
323,324,Michel,Vorm,Spurs,14,Goalkeeper,0,0,0,0,1,42,0,16,0,,,90,0.0,2.0,Man City (A),2
324,325,Danny,Rose,Spurs,14,Defender,0,0,5,0,10,51,5,273,1,100.0,100.0,1161,3.0,4.4,Man City (A),57
325,326,Younes,Kaboul,Sunderland,16,Defender,0,0,2,0,23,42,0,251,1,75.0,100.0,1153,0.0,2.5,Man Utd (H),32
326,327,Kyle,Walker,Spurs,14,Defender,0,0,1,1,16,51,6,454,1,100.0,100.0,1881,1.6,3.8,Man City (A),80
327,328,Jan,Vertonghen,Spurs,14,Defender,0,0,0,0,19,55,7,465,0,0.0,0.0,2054,0.8,3.1,Man City (A),72
328,329,Vlad,Chiriches,Spurs,14,Defender,0,0,0,0,0,44,0,0,0,,,0,0.0,0.0,Man City (A),0
329,330,Ben,Davies,Spurs,14,Defender,6,6,2,0,9,41,2,239,1,,,1089,1.6,3.8,Man City (A),49
330,331,Eric,Dier,Spurs,14,Defender,6,6,1,3,19,53,3,425,1,100.0,100.0,2110,3.8,3.9,Man City (A),93
331,332,Federico,Fazio,Spurs,14,Defender,0,0,0,0,0,47,0,0,0,0.0,0.0,0,0.0,0.0,Man City (A),0
332,333,DeAndre,Yedlin,Sunderland,16,Defender,1,1,1,0,13,44,2,126,1,100.0,100.0,656,0.2,2.5,Man Utd (H),25
333,334,Kieran,Trippier,Spurs,14,Defender,15,15,1,1,3,49,3,105,1,,,369,3.6,4.8,Man City (A),24
334,335,Kevin,Wimmer,Spurs,14,Defender,7,7,0,0,0,46,1,56,0,,,196,2.8,4.7,Man City (A),14
335,336,Mousa,Dembélé,Spurs,14,Midfielder,3,3,0,3,11,52,5,373,1,100.0,100.0,1468,3.6,3.1,Man City (A),62
336,337,Andros,Townsend,Newcastle,11,Midfielder,3,3,0,0,3,58,0,40,0,100.0,100.0,244,1.0,1.6,Chelsea (A),8
337,338,Nacer,Chadli,Spurs,14,Midfielder,3,3,2,2,7,66,3,154,0,100.0,100.0,784,2.8,2.8,Man City (A),47
338,339,Etienne,Capoue,Watford,18,Midfielder,1,1,1,0,27,48,2,326,0,100.0,75.0,2210,2.0,2.4,Crystal Palace (A),59
339,340,Erik,Lamela,Spurs,14,Midfielder,3,3,3,3,13,68,6,246,1,100.0,100.0,1481,1.6,3.1,Man City (A),69
340,341,Christian,Eriksen,Spurs,14,Midfielder,3,3,10,4,16,85,15,490,3,100.0,100.0,1779,7.8,5.1,Man City (A),113
341,342,Nabil,Bentaleb,Spurs,14,Midfielder,0,0,0,0,3,42,0,20,0,100.0,100.0,170,0.2,1.2,Man City (A),6
342,343,Alex,Pritchard,West Brom,19,Midfielder,1,1,0,0,0,48,0,7,0,100.0,100.0,51,0.2,1.0,Everton (A),2
343,344,Benjamin,Stambouli,Spurs,14,Midfielder,0,0,0,0,0,45,0,0,0,,,0,0.0,0.0,Man City (A),0
344,345,Ryan,Mason,Spurs,14,Midfielder,0,0,0,1,3,49,2,80,1,100.0,75.0,490,0.0,2.3,Man City (A),23
345,346,Aaron,Lennon,Everton,6,Midfielder,8,8,1,3,10,56,4,168,1,,,609,4.6,3.4,West Brom (H),44
346,347,Tom,Carroll,Spurs,14,Midfielder,1,1,0,1,3,47,0,86,0,100.0,100.0,399,1.2,1.6,Man City (A),23
347,348,Bamidele,Alli,Spurs,14,Midfielder,4,4,8,7,15,60,13,397,2,100.0,75.0,1665,6.2,4.9,Man City (A),113
348,349,Emmanuel,Adebayor,Crystal Palace,5,Forward,2,2,0,0,1,58,0,0,0,100.0,100.0,118,0.6,1.5,Watford (H),3
349,350,Harry,Kane,Spurs,14,Forward,2,2,2,15,17,101,21,464,5,,,2204,6.4,5.2,Man City (A),131
350,351,Roberto,Soldado,Spurs,14,Forward,0,0,0,0,0,59,0,0,0,0.0,0.0,0,0.0,0.0,Man City (A),0
351,352,Asmir,Begovic,Chelsea,4,Goalkeeper,0,0,0,0,18,47,1,218,0,,,1027,0.0,3.5,Newcastle (H),42
352,353,Jack,Butland,Stoke,15,Goalkeeper,2,2,1,0,31,53,12,525,4,,,2250,2.6,4.4,Bournemouth (A),111
353,354,Jakob,Haugaard,Stoke,15,Goalkeeper,0,0,0,0,0,44,0,0,0,,,0,0.0,0.0,Bournemouth (A),0
354,355,Ryan,Shawcross,Stoke,15,Defender,0,0,0,0,10,48,0,228,0,0.0,0.0,1065,1.8,3.4,Bournemouth (A),44
355,356,Marc,Wilson,Stoke,15,Defender,0,0,0,0,7,44,0,41,0,0.0,0.0,261,0.2,1.0,Bournemouth (A),4
356,357,Geoff,Cameron,Stoke,15,Defender,0,0,0,0,17,42,1,269,0,0.0,0.0,1289,0.0,2.4,Bournemouth (A),44
357,358,Erik,Pieters,Stoke,15,Defender,1,1,1,0,30,50,7,496,2,100.0,100.0,2205,2.2,3.1,Bournemouth (A),78
358,359,Marc,Muniesa,Stoke,15,Defender,1,1,0,0,13,42,0,98,0,100.0,100.0,630,0.4,1.3,Bournemouth (A),9
359,360,Phil,Bardsley,Stoke,15,Defender,0,0,0,0,3,42,0,14,0,100.0,100.0,151,0.4,1.0,Bournemouth (A),2
360,361,Philipp,Wollscheid,Stoke,15,Defender,1,1,0,0,22,45,7,417,2,100.0,75.0,1694,2.0,3.5,Bournemouth (A),71
361,362,Stephen,Ireland,Stoke,15,Midfielder,1,1,1,0,1,46,0,45,0,100.0,100.0,194,0.2,1.3,Bournemouth (A),10
362,363,Charlie,Adam,Stoke,15,Midfielder,0,0,0,0,7,55,0,96,0,0.0,0.0,850,0.2,1.5,Bournemouth (A),26
363,364,Glenn,Whelan,Stoke,15,Midfielder,2,2,0,0,29,43,0,384,0,100.0,100.0,2156,2.2,2.1,Bournemouth (A),53
364,365,Jonathan,Walters,Stoke,15,Midfielder,0,0,0,4,18,56,3,157,0,75.0,100.0,1258,2.8,3.1,Bournemouth (A),59
365,366,Steven,N'Zonzi,Stoke,15,Midfielder,0,0,0,0,0,50,0,0,0,,,0,0.0,0.0,Bournemouth (A),0
366,367,Steve,Sidwell,Stoke,15,Midfielder,0,0,0,0,1,42,0,5,0,0.0,0.0,13,0.0,1.0,Bournemouth (A),1
367,368,Marko,Arnautovic,Stoke,15,Midfielder,2,2,4,7,26,64,10,372,2,100.0,100.0,1879,2.4,4.7,Bournemouth (A),108
368,369,Peter,Odemwingie,Stoke,15,Midfielder,1,1,0,0,2,47,0,14,0,100.0,100.0,106,0.6,1.0,Bournemouth (A),5
369,370,Peter,Crouch,Stoke,15,Forward,0,0,0,0,5,56,0,17,0,100.0,100.0,158,0.8,1.2,Bournemouth (A),7
370,371,Mame Biram,Diouf,Stoke,15,Forward,1,1,0,3,14,62,5,119,0,100.0,100.0,826,0.8,2.6,Bournemouth (A),39
371,372,Bojan,Krkic,Stoke,15,Forward,0,0,2,5,13,49,14,276,0,100.0,100.0,1275,0.8,3.7,Bournemouth (A),70
372,373,Jose Luis,Mato Sanmartín,Stoke,15,Forward,1,1,2,2,9,55,1,112,0,,,626,2.4,2.5,Bournemouth (A),33
373,374,Vito,Mannone,Sunderland,16,Goalkeeper,2,2,0,0,12,43,0,100,0,,,630,1.6,2.0,Man Utd (H),14
374,375,Costel,Pantilimon,Watford,18,Goalkeeper,0,0,0,0,33,46,5,311,3,,,1530,0.0,3.3,Crystal Palace (A),56
375,376,John,O'Shea,Sunderland,16,Defender,1,1,0,0,32,43,0,255,0,100.0,100.0,1639,1.2,1.7,Man Utd (H),33
376,377,Valentin,Roberge,Sunderland,16,Defender,0,0,0,0,0,40,0,0,0,,,0,0.0,0.0,Man Utd (H),0
377,378,Billy,Jones,Sunderland,16,Defender,1,1,1,1,45,42,6,299,2,100.0,100.0,2017,0.8,1.9,Man Utd (H),44
378,379,Patrick,van Aanholt,Sunderland,16,Defender,1,1,2,5,45,47,7,438,3,,,1890,5.8,3.5,Man Utd (H),74
379,380,Santiago,Vergini,Sunderland,16,Defender,0,0,0,0,0,45,0,0,0,,,0,0.0,0.0,Man Utd (H),0
380,381,Wes,Brown,Sunderland,16,Defender,0,0,0,0,15,42,0,88,0,100.0,100.0,540,0.6,0.8,Man Utd (H),5
381,382,Sebastián,Coates,Sunderland,16,Defender,0,0,1,0,30,42,2,242,0,0.0,0.0,1229,0.0,1.5,Man Utd (H),24
382,383,Lee,Cattermole,Sunderland,16,Midfielder,2,2,0,0,27,43,0,199,0,100.0,100.0,1441,1.6,1.6,Man Utd (H),32
383,384,Sebastian,Larsson,Sunderland,16,Midfielder,0,0,0,0,9,50,0,67,0,0.0,0.0,386,0.0,1.2,Man Utd (H),13
384,385,Jack,Rodwell,Sunderland,16,Midfielder,0,0,0,0,20,48,0,94,0,100.0,100.0,684,0.6,1.1,Man Utd (H),17
385,386,Jordi,Gomez Garcia-Penche,Sunderland,16,Midfielder,0,0,0,0,8,48,0,57,0,0.0,0.0,352,0.0,1.8,Man Utd (H),11
386,387,Liam,Bridcutt,Sunderland,16,Midfielder,0,0,0,0,0,43,0,0,0,0.0,0.0,0,0.0,0.0,Man Utd (H),0
387,388,Emanuele,Giaccherini,Sunderland,16,Midfielder,0,0,0,0,0,53,0,0,0,0.0,0.0,0,0.0,0.0,Man Utd (H),0
388,389,Adam,Johnson,Sunderland,16,Midfielder,6,6,6,2,27,58,2,250,0,100.0,100.0,1148,4.4,3.1,Man Utd (H),58
389,390,William,Buckley,Sunderland,16,Midfielder,0,0,0,0,0,47,0,0,0,0.0,0.0,0,0.0,0.0,Man Utd (H),0
390,391,Connor,Wickham,Crystal Palace,5,Forward,0,0,2,1,10,55,1,86,0,100.0,0.0,804,1.0,2.6,Watford (H),31
391,392,Jermain,Defoe,Sunderland,16,Forward,6,6,0,10,34,51,8,303,2,100.0,100.0,1548,5.8,4.0,Man Utd (H),83
392,393,Steven,Fletcher,Sunderland,16,Forward,0,0,1,4,23,48,2,153,1,0.0,0.0,1010,0.0,3.0,Man Utd (H),48
393,394,Danny,Graham,Sunderland,16,Forward,0,0,1,0,10,41,0,35,0,0.0,0.0,360,0.4,1.5,Man Utd (H),15
394,395,Lukasz,Fabianski,Swansea,17,Goalkeeper,2,2,1,0,33,47,0,435,0,,,2250,3.0,3.1,Southampton (H),77
395,396,Kristoffer,Nordfeldt,Swansea,17,Goalkeeper,0,0,0,0,0,42,0,0,0,,,0,0.0,0.0,Southampton (H),0
396,397,Kyle,Naughton,Swansea,17,Defender,1,1,2,0,24,46,7,296,1,100.0,100.0,1445,1.2,2.6,Southampton (H),52
397,398,Ashley,Williams,Swansea,17,Defender,2,2,0,1,33,48,17,548,3,,,2250,4.2,3.3,Southampton (H),83
398,399,Neil,Taylor,Swansea,17,Defender,2,2,2,0,32,48,4,388,0,,,2218,3.0,2.8,Southampton (H),71
399,400,Angel,Rangel,Swansea,17,Defender,2,2,1,0,13,41,1,163,0,100.0,100.0,833,1.0,2.4,Southampton (H),24
400,401,Kyle,Bartley,Swansea,17,Defender,0,0,0,0,6,42,0,51,0,,,286,0.0,0.8,Southampton (H),4
401,402,Dwight,Tiendalli,Swansea,17,Defender,0,0,0,0,0,40,0,0,0,0.0,0.0,0,0.0,0.0,Southampton (H),0
402,403,Jordi,Amat,Swansea,17,Defender,0,0,0,0,1,44,0,40,0,100.0,100.0,103,0.6,2.3,Southampton (H),9
403,404,Federico,Fernández,Swansea,17,Defender,1,1,1,0,27,48,7,398,1,100.0,100.0,1890,2.6,2.9,Southampton (H),60
404,405,Franck,Tabanou,Swansea,17,Defender,0,0,0,0,0,44,0,0,0,0.0,0.0,0,0.0,0.0,Southampton (H),0
405,406,Jack,Cork,Swansea,17,Midfielder,2,2,0,0,12,46,0,261,0,,,1376,1.6,1.6,Southampton (H),36
406,407,Gylfi,Sigurdsson,Swansea,17,Midfielder,10,10,1,7,30,70,12,349,1,,,1984,7.4,3.9,Southampton (H),97
407,408,Wayne,Routledge,Swansea,17,Midfielder,2,2,0,0,17,51,1,101,0,100.0,100.0,975,2.4,1.8,Southampton (H),28
408,409,Nathan,Dyer,Leicester,7,Midfielder,1,1,1,1,4,46,0,61,0,100.0,100.0,238,0.4,1.6,Arsenal (A),19
409,410,Leon,Britton,Swansea,17,Midfielder,2,2,0,0,11,42,0,172,0,,,946,1.8,1.8,Southampton (H),28
410,411,Jonjo,Shelvey,Newcastle,11,Midfielder,6,6,5,1,24,53,3,328,0,100.0,100.0,1575,2.8,2.9,Chelsea (A),57
411,412,Jay,Fulton,Swansea,17,Midfielder,0,0,0,0,0,43,0,0,0,100.0,100.0,0,0.0,0.0,Southampton (H),0
412,413,Sung-yueng,Ki,Swansea,17,Midfielder,0,0,1,1,27,50,2,280,1,100.0,0.0,1567,2.2,2.1,Southampton (H),46
413,414,Jefferson,Montero,Swansea,17,Midfielder,0,0,2,0,14,52,0,146,0,100.0,100.0,953,0.0,2.1,Southampton (H),35
414,415,Matt,Grimes,Swansea,17,Midfielder,0,0,0,0,0,42,0,4,0,,,90,0.0,3.0,Southampton (H),3
415,416,André,Ayew,Swansea,17,Midfielder,2,2,4,8,31,68,16,370,4,100.0,100.0,2081,6.2,5.0,Southampton (H),119
416,417,Bafétimbi,Gomis,Swansea,17,Forward,1,1,0,5,19,63,2,176,0,100.0,100.0,1334,0.6,2.6,Southampton (H),58
417,418,Marvin,Emnes,Swansea,17,Forward,0,0,0,0,0,41,0,0,0,,,55,0.0,1.0,Southampton (H),1
418,419,Modou,Barrow,Swansea,17,Forward,1,1,1,0,8,43,0,62,0,100.0,100.0,421,0.8,1.4,Southampton (H),19
419,420,Ederzito Antonio,Macedo Lopes,Swansea,17,Forward,0,0,0,0,5,50,0,39,0,0.0,0.0,276,0.2,1.2,Southampton (H),15
420,421,Heurelho,Gomes,Watford,18,Goalkeeper,4,4,0,0,26,48,11,503,1,100.0,100.0,2226,3.6,4.3,Crystal Palace (A),108
421,422,Jonathan,Bond,Watford,18,Goalkeeper,0,0,0,0,0,40,0,0,0,,,0,0.0,0.0,Crystal Palace (A),0
422,423,Giedrius,Arlauskis,Watford,18,Goalkeeper,0,0,0,0,1,44,0,4,0,0.0,0.0,24,0.0,1.0,Crystal Palace (A),1
423,424,Gabriele,Angella,Watford,18,Defender,0,0,0,0,0,43,0,0,0,0.0,0.0,0,0.0,0.0,Crystal Palace (A),0
424,425,Craig,Cathcart,Watford,18,Defender,2,2,0,1,26,46,4,419,1,,,2179,4.2,3.4,Crystal Palace (A),84
425,426,Sebastian,Prödl,Watford,18,Defender,1,1,0,0,14,42,1,182,0,100.0,100.0,1058,1.2,2.5,Crystal Palace (A),33
426,427,Juan Carlos,Paredes,Watford,18,Defender,0,0,1,0,5,42,0,78,0,100.0,100.0,400,1.6,1.7,Crystal Palace (A),20
427,428,Miguel,Layún,Watford,18,Defender,0,0,0,1,0,45,0,21,0,,,131,0.0,3.0,Crystal Palace (A),9
428,429,Joel,Ekstrand,Watford,18,Defender,0,0,0,0,0,39,0,0,0,0.0,0.0,0,0.0,0.0,Crystal Palace (A),0
429,430,Daniel,Pudil,Watford,18,Defender,0,0,0,0,0,40,0,0,0,,,0,0.0,0.0,Crystal Palace (A),0
430,431,Tommy,Hoban,Watford,18,Defender,0,0,0,0,0,38,0,0,0,0.0,0.0,0,0.0,0.0,Crystal Palace (A),0
431,432,Lloyd,Doyley,Watford,18,Defender,0,0,0,0,0,40,0,0,0,0.0,0.0,0,0.0,0.0,Crystal Palace (A),0
432,433,Daniel,Tözsér,Watford,18,Midfielder,0,0,0,0,0,50,0,0,0,,,0,0.0,0.0,Crystal Palace (A),0
433,434,Almen,Abdi,Watford,18,Midfielder,1,1,0,1,18,47,3,300,1,100.0,100.0,1387,1.0,2.3,Crystal Palace (A),50
434,435,Ben,Watson,Watford,18,Midfielder,2,2,3,0,24,43,0,326,0,,,1845,2.2,2.4,Crystal Palace (A),57
435,436,Diego,Fabbrini,Watford,18,Midfielder,0,0,0,0,0,45,0,0,0,0.0,0.0,0,0.0,0.0,Crystal Palace (A),0
436,437,Ikechi,Anya,Watford,18,Midfielder,0,0,1,0,16,42,0,193,0,100.0,100.0,1303,0.2,2.1,Crystal Palace (A),43
437,438,Lloyd,Dyer,Watford,18,Midfielder,0,0,0,0,0,42,0,0,0,,,0,0.0,0.0,Crystal Palace (A),0
438,439,Lewis,McGugan,Watford,18,Midfielder,0,0,0,0,0,45,0,0,0,,,0,0.0,0.0,Crystal Palace (A),0
439,440,Sean,Murray,Watford,18,Midfielder,0,0,0,0,0,44,0,0,0,0.0,0.0,0,0.0,0.0,Crystal Palace (A),0
440,441,Troy,Deeney,Watford,18,Forward,1,1,8,6,27,52,13,396,2,,,2198,2.4,4.1,Crystal Palace (A),103
441,442,Odion,Ighalo,Watford,18,Forward,2,2,6,15,27,63,25,493,7,100.0,100.0,2128,4.0,6.0,Crystal Palace (A),149
442,443,Matej,Vydra,Watford,18,Forward,0,0,0,0,0,48,0,0,0,,,0,0.0,0.0,Crystal Palace (A),0
443,444,Fernando,Forestieri,Watford,18,Forward,0,0,0,0,0,44,0,0,0,0.0,0.0,0,0.0,0.0,Crystal Palace (A),0
444,445,Boaz,Myhill,West Brom,19,Goalkeeper,0,0,0,0,30,45,9,396,3,,,1980,0.2,3.7,Everton (A),81
445,446,Ben,Foster,West Brom,19,Goalkeeper,4,4,0,0,2,49,0,62,1,100.0,100.0,270,2.8,4.7,Everton (A),14
446,447,Jonas,Olsson,West Brom,19,Defender,1,1,0,1,17,43,3,200,1,100.0,100.0,1234,2.0,2.3,Everton (A),42
447,448,Craig,Dawson,West Brom,19,Defender,2,2,0,2,32,51,5,424,0,75.0,100.0,2250,3.0,3.5,Everton (A),87
448,449,Joleon,Lescott,Aston Villa,2,Defender,15,15,0,3,28,46,9,356,2,100.0,100.0,1665,8.0,3.7,Liverpool (H),70
449,450,Sébastien,Pocognoli,West Brom,19,Defender,0,0,0,0,0,42,0,0,0,,,0,0.0,0.0,Everton (A),0
450,451,Cristian,Gamboa,West Brom,19,Defender,0,0,0,0,0,39,0,-1,0,,,28,0.0,0.0,Everton (A),0
451,452,Gareth,McAuley,West Brom,19,Defender,1,1,0,1,25,50,5,353,1,25.0,100.0,1980,1.8,3.3,Everton (A),72
452,453,Darren,Fletcher,West Brom,19,Midfielder,2,2,2,1,31,43,6,338,1,100.0,100.0,2205,3.2,2.9,Everton (A),72
453,454,Stéphane,Sessegnon,West Brom,19,Midfielder,0,0,1,1,14,51,3,139,1,100.0,100.0,985,1.8,2.7,Everton (A),41
454,455,Craig,Gardner,West Brom,19,Midfielder,1,1,1,1,20,51,2,156,0,,,1193,3.2,2.0,Everton (A),43
455,456,James,Morrison,West Brom,19,Midfielder,0,0,3,3,19,45,4,305,1,0.0,0.0,1338,0.2,3.3,Everton (A),60
456,457,Chris,Brunt,West Brom,19,Midfielder,0,0,4,0,25,51,1,264,0,0.0,0.0,1723,0.6,2.6,Everton (A),52
457,458,Claudio,Yacob,West Brom,19,Midfielder,2,2,1,0,23,44,0,247,0,100.0,100.0,1811,1.8,2.0,Everton (A),44
458,459,Callum,McManaman,West Brom,19,Midfielder,0,0,2,0,5,43,0,71,0,0.0,0.0,258,0.2,1.6,Everton (A),18
459,460,James,McClean,West Brom,19,Midfielder,2,2,2,2,29,47,3,241,0,100.0,100.0,1691,3.0,2.5,Everton (A),55
460,461,Victor,Anichebe,West Brom,19,Forward,2,2,0,0,4,45,0,17,0,100.0,100.0,316,1.2,1.5,Everton (A),9
461,462,Saido,Berahino,West Brom,19,Forward,1,1,0,3,12,58,8,140,0,100.0,100.0,906,1.0,2.4,Everton (A),47
462,463,Brown,Ideye,West Brom,19,Forward,0,0,0,0,0,53,0,0,0,0.0,0.0,0,0.0,0.0,Everton (A),0
463,464,Georgios,Samaras,West Brom,19,Forward,0,0,0,0,0,44,0,0,0,,,0,0.0,0.0,Everton (A),0
464,465,Adrián,San Miguel del Castillo,West Ham,20,Goalkeeper,2,2,0,0,25,50,3,405,1,100.0,100.0,1980,3.0,3.5,Norwich (A),78
465,466,Darren,Randolph,West Ham,20,Goalkeeper,0,0,0,0,4,44,2,66,0,100.0,100.0,270,0.0,5.3,Norwich (A),16
466,467,James,Collins,West Ham,20,Defender,2,2,0,0,12,43,3,246,1,100.0,100.0,1194,2.2,2.6,Norwich (A),39
467,468,Joey,O'Brien,West Ham,20,Defender,0,0,0,0,0,44,0,0,0,75.0,100.0,0,0.0,0.0,Norwich (A),0
468,469,Winston,Reid,West Ham,20,Defender,2,2,0,0,20,48,6,304,2,75.0,100.0,1325,2.4,3.0,Norwich (A),45
469,470,James,Tomkins,West Ham,20,Defender,2,2,0,0,21,50,3,415,0,0.0,100.0,1825,2.2,3.0,Norwich (A),67
470,471,Aaron,Cresswell,West Ham,20,Defender,2,2,3,1,28,56,11,447,1,100.0,100.0,2144,3.0,4.0,Norwich (A),95
471,472,Reece,Burke,West Ham,20,Defender,0,0,0,0,0,39,0,0,0,100.0,100.0,0,0.0,0.0,Norwich (A),0
472,473,Reece,Oxford,West Ham,20,Defender,0,0,0,0,2,37,0,38,0,100.0,100.0,138,0.0,2.0,Norwich (A),8
473,474,Stewart,Downing,West Ham,20,Midfielder,0,0,0,0,0,60,0,0,0,,,0,0.0,0.0,Norwich (A),0
474,475,Mark,Noble,West Ham,20,Midfielder,2,2,3,2,27,54,3,409,0,100.0,100.0,2074,2.4,2.9,Norwich (A),70
475,476,Kevin,Nolan,West Ham,20,Midfielder,0,0,0,0,2,54,0,8,0,0.0,0.0,57,0.0,1.0,Norwich (A),2
476,477,Matthew,Jarvis,Norwich,12,Midfielder,1,1,0,1,14,46,0,73,0,100.0,100.0,615,1.2,1.8,West Ham (H),23
477,478,Cheikhou,Kouyaté,West Ham,20,Midfielder,0,0,1,4,26,52,3,358,0,0.0,100.0,1965,2.4,3.4,Norwich (A),75
478,479,Diego,Poyet,West Ham,20,Midfielder,0,0,0,0,0,45,0,0,0,0.0,0.0,0,0.0,0.0,Norwich (A),0
479,480,Morgan,Amalfitano,West Ham,20,Midfielder,0,0,0,0,0,46,0,0,0,0.0,0.0,0,0.0,0.0,Norwich (A),0
480,481,Pedro,Obiang,West Ham,20,Midfielder,0,0,1,0,11,48,0,145,0,100.0,100.0,767,0.8,1.6,Norwich (A),25
481,482,Dimitri,Payet,West Ham,20,Midfielder,2,2,5,6,22,82,14,437,1,100.0,100.0,1500,4.0,5.3,Norwich (A),95
482,483,Andy,Carroll,West Ham,20,Forward,1,1,1,3,7,63,3,134,0,100.0,75.0,697,0.4,2.7,Norwich (A),38
483,484,Enner,Valencia,West Ham,20,Forward,1,1,2,4,9,59,6,166,2,100.0,100.0,801,6.8,3.9,Norwich (A),47
484,485,Diafra,Sakho,West Ham,20,Forward,0,0,2,3,17,62,1,123,0,0.0,0.0,1038,0.0,3.5,Norwich (A),42
485,486,Modibo,Maiga,West Ham,20,Forward,0,0,0,1,1,45,0,32,0,0.0,0.0,27,0.0,2.3,Norwich (A),7
486,487,Mauro,Zárate,West Ham,20,Forward,0,0,0,3,8,53,8,168,1,100.0,100.0,788,0.0,2.7,Norwich (A),41
487,488,Mark,Bunn,Aston Villa,2,Goalkeeper,7,7,0,0,3,43,3,113,1,,,450,6.2,6.2,Liverpool (H),31
488,489,Cuco,Martina,Southampton,13,Defender,0,0,0,1,5,41,1,82,1,,,365,0.2,2.7,Swansea (A),19
489,490,Adam,Matthews,Sunderland,16,Defender,0,0,0,0,1,42,0,4,0,100.0,100.0,37,0.0,1.0,Man Utd (H),1
490,491,Yohan,Cabaye,Crystal Palace,5,Midfielder,2,2,1,5,20,64,13,410,3,100.0,75.0,1819,1.4,3.8,Watford (H),84
491,492,José,Holebas,Watford,18,Defender,0,0,0,0,10,40,0,115,0,100.0,100.0,585,1.4,1.4,Crystal Palace (A),10
492,493,Idrissa,Gueye,Aston Villa,2,Midfielder,5,5,0,0,31,46,3,362,0,100.0,100.0,1913,3.0,2.1,Liverpool (H),47
493,494,Jon,Flanagan,Liverpool,8,Defender,0,0,0,0,0,44,0,0,0,100.0,100.0,0,0.0,0.0,Aston Villa (A),0
494,495,Matteo,Darmian,Man Utd,10,Defender,2,2,0,0,13,54,6,364,0,100.0,100.0,1484,3.0,3.6,Sunderland (A),72
495,496,Bastian,Schweinsteiger,Man Utd,10,Midfielder,0,0,1,1,10,66,2,211,0,0.0,0.0,1181,0.0,2.5,Sunderland (A),42
496,497,Georginio,Wijnaldum,Newcastle,11,Midfielder,3,3,4,9,43,71,11,494,3,,,2207,5.6,4.9,Chelsea (A),122
497,498,Gastón,Ramírez,Southampton,13,Midfielder,0,0,1,0,1,52,0,28,0,0.0,0.0,31,0.0,2.0,Swansea (A),6
498,499,Glen,Johnson,Stoke,15,Defender,1,1,3,0,29,53,9,459,2,100.0,100.0,2132,2.6,3.8,Bournemouth (A),91
499,500,Marco,Van Ginkel,Stoke,15,Midfielder,0,0,0,0,11,50,0,114,0,0.0,0.0,755,0.4,1.4,Bournemouth (A),23
500,501,Valon,Behrami,Watford,18,Midfielder,1,1,1,0,7,43,0,120,0,100.0,100.0,823,1.4,1.7,Crystal Palace (A),24
501,502,Angelo,Ogbonna,West Ham,20,Defender,0,0,0,0,10,49,1,252,0,100.0,75.0,1156,0.6,3.1,Norwich (A),47
502,503,Mark,Schwarzer,Leicester,7,Goalkeeper,0,0,0,0,0,38,0,0,0,100.0,100.0,0,0.0,0.0,Arsenal (A),0
503,504,Anders,Lindegaard,West Brom,19,Goalkeeper,0,0,0,0,0,43,0,0,0,100.0,100.0,0,0.0,0.0,Everton (A),0
504,505,Karl,Darlow,Newcastle,11,Goalkeeper,0,0,0,0,1,39,0,15,0,100.0,100.0,90,0.0,3.0,Chelsea (A),3
505,506,Jamaal,Lascelles,Newcastle,11,Defender,0,0,0,1,12,42,0,28,0,100.0,0.0,276,1.0,0.9,Chelsea (A),6
506,507,Tony,Andreu,Norwich,12,Midfielder,0,0,0,0,0,42,0,0,0,100.0,100.0,0,0.0,0.0,West Ham (H),0
507,508,Jordy,Clasie,Southampton,13,Midfielder,2,2,0,0,6,52,0,145,0,100.0,100.0,784,1.6,2.5,Swansea (A),27
508,509,Mohamed,El Ouriachi,Stoke,15,Midfielder,0,0,0,0,0,42,0,0,0,,,0,0.0,0.0,Bournemouth (A),0
509,510,Jeremain,Lens,Sunderland,16,Midfielder,0,0,3,2,26,60,0,144,0,50.0,50.0,1189,1.4,2.4,Man Utd (H),43
510,511,Allan-Roméo,Nyom,Watford,18,Defender,2,2,1,0,22,47,9,432,2,100.0,100.0,1893,1.4,3.1,Crystal Palace (A),78
511,512,Elliot,Lee,West Ham,20,Forward,0,0,0,0,0,43,0,0,0,0.0,0.0,0,0.0,0.0,Norwich (A),0
512,513,Jordan,Amavi,Aston Villa,2,Defender,0,0,2,0,13,48,5,193,1,0.0,0.0,837,0.0,3.2,Liverpool (H),32
513,514,Patrick,Bamford,Norwich,12,Forward,1,1,0,0,2,53,0,15,0,100.0,100.0,159,0.2,1.0,West Ham (H),7
514,515,Joseph,Gomez,Liverpool,8,Defender,0,0,1,0,5,43,3,98,1,0.0,0.0,437,0.0,4.6,Aston Villa (A),23
515,516,Patrick,Roberts,Man City,9,Midfielder,0,0,0,0,0,42,0,3,0,0.0,0.0,5,0.0,1.0,Spurs (H),1
516,517,Aleksandar,Mitrovic,Newcastle,11,Forward,7,7,2,5,28,62,6,168,1,100.0,100.0,1434,4.6,3.0,Chelsea (A),62
517,518,Alex,McCarthy,Crystal Palace,5,Goalkeeper,0,0,0,0,7,38,0,109,0,,,540,0.0,3.0,Watford (H),18
518,519,Miguel,Britos,Watford,18,Defender,1,1,0,0,14,45,1,207,0,75.0,75.0,1263,1.2,2.7,Crystal Palace (A),40
519,520,José Manuel,Jurado Marín,Watford,18,Midfielder,2,2,2,0,13,53,2,241,0,100.0,100.0,1493,2.0,2.7,Crystal Palace (A),51
520,521,Manuel,Lanzini,West Ham,20,Midfielder,0,0,2,4,13,50,9,236,2,0.0,0.0,952,0.0,4.0,Norwich (A),56
521,522,José Ángel,Crespo,Aston Villa,2,Defender,0,0,0,0,1,44,0,6,0,0.0,0.0,90,0.0,2.0,Liverpool (H),2
522,523,Jordan,Ayew,Aston Villa,2,Forward,0,0,0,5,27,55,9,189,0,0.0,0.0,1414,0.8,2.8,Liverpool (H),54
523,524,Sergio,Romero,Man Utd,10,Goalkeeper,0,0,0,0,2,44,1,84,0,,,360,0.0,5.3,Sunderland (A),21
524,525,Ibrahim,Afellay,Stoke,15,Midfielder,2,2,2,0,22,51,3,217,1,100.0,100.0,1335,4.0,2.0,Bournemouth (A),43
525,526,Steven,Berghuis,Watford,18,Midfielder,0,0,0,0,2,55,0,17,0,100.0,100.0,91,0.0,1.0,Crystal Palace (A),5
526,527,Robbie,Brady,Norwich,12,Midfielder,2,2,3,1,44,54,9,405,0,100.0,75.0,2148,1.6,3.0,West Ham (H),72
527,528,Steven,Caulker,Liverpool,8,Defender,0,0,0,0,2,52,1,50,0,75.0,100.0,151,0.6,2.0,Aston Villa (A),12
528,529,James,Chester,West Brom,19,Defender,1,1,0,0,9,45,0,28,0,100.0,100.0,310,0.2,0.5,Everton (A),2
529,530,Jordan,Veretout,Aston Villa,2,Midfielder,6,6,5,0,22,56,5,287,0,,,1440,3.2,3.0,Liverpool (H),57
530,531,Rudy,Gestede,Aston Villa,2,Forward,0,0,1,4,25,56,6,154,1,0.0,0.0,1163,1.6,2.5,Liverpool (H),54
531,532,Chancel,Mbemba,Newcastle,11,Defender,0,0,1,0,42,49,3,412,0,0.0,0.0,2113,0.8,2.1,Chelsea (A),51
532,533,Yohan,Benalouane,Leicester,7,Defender,0,0,0,0,1,42,0,11,0,0.0,0.0,68,0.0,0.8,Arsenal (A),3
533,534,Removed,Player,Leicester,7,Defender,0,0,0,0,0,50,0,0,0,,,0,0.0,0.0,Arsenal (A),0
534,535,Max,Gradel,Bournemouth,3,Midfielder,0,0,3,0,5,57,0,56,0,0.0,0.0,252,0.0,4.0,Stoke (H),16
535,536,Lee,Tomlin,Bournemouth,3,Forward,0,0,0,0,2,47,0,38,0,0.0,0.0,290,0.0,1.3,Stoke (H),8
536,537,Bakary,Sako,Crystal Palace,5,Midfielder,0,0,1,2,8,50,6,105,2,0.0,0.0,667,0.4,3.9,Watford (H),39
537,538,N'Golo,Kanté,Leicester,7,Midfielder,5,5,3,1,22,50,9,463,1,100.0,100.0,1963,3.2,3.0,Arsenal (A),75
538,539,Jeff,Reine-Adelaide,Arsenal,1,Midfielder,0,0,0,0,0,48,0,0,0,,,0,0.0,0.0,Leicester (H),0
539,540,Baily,Cargill,Bournemouth,3,Defender,0,0,0,0,0,39,0,0,0,,,0,0.0,0.0,Stoke (H),0
540,541,Tom,Lawrence,Leicester,7,Forward,0,0,0,0,0,44,0,0,0,0.0,0.0,0,0.0,0.0,Arsenal (A),0
541,542,Kelechi,Iheanacho,Man City,9,Forward,1,1,1,2,3,48,6,102,0,100.0,100.0,331,1.4,2.1,Spurs (H),33
542,543,Vadis,Odjidja-Ofoe,Norwich,12,Midfielder,0,0,2,0,7,49,0,64,0,100.0,100.0,255,1.4,2.0,West Ham (H),16
543,544,Yann,M'Vila,Sunderland,16,Midfielder,2,2,5,1,45,49,7,508,0,100.0,75.0,2125,2.0,3.2,Man Utd (H),76
544,545,Martin,Samuelsen,West Ham,20,Midfielder,0,0,0,0,0,44,0,0,0,0.0,0.0,0,0.0,0.0,Norwich (A),0
545,546,Sam,Johnstone,Man Utd,10,Goalkeeper,0,0,0,0,0,43,0,0,0,0.0,0.0,0,0.0,0.0,Sunderland (A),0
546,547,Conor,McAleny,Everton,6,Forward,0,0,0,0,0,44,0,0,0,0.0,0.0,0,0.0,0.0,West Brom (H),0
547,548,Rene,Gilmartin,Watford,18,Goalkeeper,0,0,0,0,0,40,0,0,0,0.0,0.0,0,0.0,0.0,Crystal Palace (A),0
548,549,Paulo,Gazzaniga,Southampton,13,Goalkeeper,0,0,0,0,3,45,0,34,0,,,180,0.0,2.5,Swansea (A),5
