,id,first_name,second_name,team_name,team_id,type_name,now_cost,chance_of_playing_next_round,chance_of_playing_this_round,minutes,form,bonus_form_t1,fantasy_form_t1,cost_t1,own_team_form,home,next_team_t,next_team_pos,fantasy_points_t
0,1,Wojciech,Szczesny,Arsenal,1,Goalkeeper,50,0.0,0.0,0,0.0,0,0,50,3,False,LIV,9,0
1,2,David,Ospina,Arsenal,1,Goalkeeper,47,100.0,100.0,0,0.0,0,0,47,3,False,LIV,9,0
2,3,Petr,Cech,Arsenal,1,Goalkeeper,60,,,2430,4.2,100,19,57,3,False,LIV,9,2
3,4,Laurent,Koscielny,Arsenal,1,Defender,63,100.0,100.0,2035,2.6,78,11,61,3,False,LIV,9,1
4,5,Per,Mertesacker,Arsenal,1,Defender,52,100.0,100.0,1637,0.4,106,16,53,3,False,LIV,9,1
5,6,Gabriel Armando,de Abreu,Arsenal,1,Defender,43,100.0,100.0,1004,2.6,47,14,43,3,False,LIV,9,0
6,7,Héctor,Bellerín,Arsenal,1,Defender,61,100.0,100.0,2250,3.2,112,17,60,3,False,LIV,9,1
7,8,Kieran,Gibbs,Arsenal,1,Defender,51,100.0,100.0,284,0.2,32,9,52,3,False,LIV,9,1
8,9,Mathieu,Debuchy,Arsenal,1,Defender,51,0.0,0.0,142,0.0,0,0,51,3,False,LIV,9,0
9,10,Carl,Jenkinson,Arsenal,1,Defender,48,0.0,0.0,1228,0.0,23,2,50,3,False,BOU,16,1
10,11,Nacho,Monreal,Arsenal,1,Defender,59,,,2349,3.4,95,12,60,3,False,LIV,9,1
11,12,Calum,Chambers,Arsenal,1,Defender,46,,,317,0.2,51,12,46,3,False,LIV,9,0
12,13,Alexis,Sánchez,Arsenal,1,Midfielder,110,100.0,100.0,1486,2.0,0,0,109,3,False,LIV,9,0
13,14,Theo,Walcott,Arsenal,1,Midfielder,81,100.0,100.0,1266,2.0,43,19,84,3,False,LIV,9,2
14,15,Mesut,Özil,Arsenal,1,Midfielder,100,100.0,100.0,2169,6.4,159,39,100,3,False,LIV,9,2
15,16,Santiago,Cazorla,Arsenal,1,Midfielder,79,0.0,0.0,1203,0.0,0,0,79,3,False,LIV,9,0
16,17,Aaron,Ramsey,Arsenal,1,Midfielder,79,100.0,100.0,2037,2.2,115,30,82,3,False,LIV,9,11
17,18,Jack,Wilshere,Arsenal,1,Midfielder,58,0.0,0.0,0,0.0,0,0,58,3,False,LIV,9,0
18,19,Alex,Oxlade-Chamberlain,Arsenal,1,Midfielder,55,0.0,0.0,928,2.0,46,8,55,3,False,LIV,9,1
19,20,Mikel,Arteta,Arsenal,1,Midfielder,47,100.0,100.0,166,0.0,0,0,47,3,False,LIV,9,1
20,21,Tomas,Rosicky,Arsenal,1,Midfielder,49,0.0,0.0,0,0.0,0,0,49,3,False,LIV,9,0
21,22,Serge,Gnabry,Arsenal,1,Midfielder,45,100.0,100.0,13,0.0,0,0,46,3,False,LIV,9,0
22,23,Gedion,Zelalem,Arsenal,1,Midfielder,48,0.0,0.0,0,0.0,0,0,48,3,False,LIV,9,0
23,24,Francis,Coquelin,Arsenal,1,Midfielder,42,100.0,100.0,1048,0.8,0,0,42,3,False,LIV,9,0
24,25,Mathieu,Flamini,Arsenal,1,Midfielder,44,100.0,100.0,1083,1.0,56,9,44,3,False,LIV,9,2
25,26,Olivier,Giroud,Arsenal,1,Forward,90,,,1817,2.6,100,25,92,3,False,LIV,9,13
26,27,Danny,Welbeck,Arsenal,1,Forward,73,100.0,100.0,90,3.2,0,0,73,3,False,LIV,9,0
27,28,Chuba,Akpom,Arsenal,1,Forward,50,0.0,0.0,0,0.0,0,0,50,3,False,LIV,9,0
28,29,Yaya,Sanogo,Arsenal,1,Forward,50,0.0,0.0,0,0.0,0,0,50,3,False,LIV,9,0
29,30,Bradley,Guzan,Aston Villa,2,Goalkeeper,42,,,1890,0.4,67,10,43,1,True,CRY,7,0
30,31,Shay,Given,Stoke,15,Goalkeeper,43,0.0,0.0,0,0.0,0,0,44,3,True,NOR,15,0
31,32,Leandro,Bacuna,Aston Villa,2,Defender,47,100.0,100.0,1836,2.6,62,7,47,1,True,CRY,7,8
32,33,Kieran,Richardson,Aston Villa,2,Defender,41,100.0,100.0,559,0.2,13,2,42,1,True,CRY,7,0
33,34,Ron,Vlaar,Aston Villa,2,Defender,45,,,0,0.0,0,0,45,1,True,CRY,7,0
34,35,Philippe,Senderos,Aston Villa,2,Defender,40,100.0,100.0,0,0.0,0,0,40,1,True,CRY,7,0
35,36,Aly,Cissokho,Aston Villa,2,Defender,45,,,810,1.6,0,0,45,1,True,CRY,7,8
36,37,Alan,Hutton,Aston Villa,2,Defender,41,100.0,100.0,1616,0.4,60,6,42,1,True,CRY,7,0
37,38,Ciaran,Clark,Aston Villa,2,Defender,43,100.0,100.0,902,0.2,15,1,44,1,True,CRY,7,1
38,39,Jores,Okore,Aston Villa,2,Defender,44,100.0,100.0,990,1.4,56,7,44,1,True,CRY,7,6
39,40,Nathan,Baker,Aston Villa,2,Defender,40,0.0,0.0,0,0.0,0,0,40,1,True,CRY,7,0
40,41,Lewis,Kinsella,Aston Villa,2,Defender,38,,,0,0.0,0,0,39,1,True,CRY,7,0
41,42,Micah,Richards,Aston Villa,2,Defender,43,100.0,100.0,1794,1.4,15,0,44,1,True,CRY,7,0
42,43,Fabian,Delph,Man City,9,Midfielder,54,0.0,0.0,514,0.3,19,4,54,1,True,EVE,11,0
43,44,Carles,Gil de Pareja Vicent,Aston Villa,2,Midfielder,46,100.0,100.0,1229,2.2,4,2,46,1,True,CRY,7,3
44,45,Charles,N'Zogbia,Aston Villa,2,Midfielder,45,,,43,0.0,0,0,45,1,True,CRY,7,0
45,46,Joe,Cole,Aston Villa,2,Midfielder,47,0.0,0.0,0,0.0,0,0,47,1,True,CRY,7,0
46,47,Jack,Grealish,Aston Villa,2,Midfielder,52,0.0,0.0,762,0.0,9,2,53,1,True,CRY,7,0
47,48,Scott,Sinclair,Aston Villa,2,Midfielder,42,,,1131,0.6,11,6,44,1,True,CRY,7,0
48,49,Ashley,Westwood,Aston Villa,2,Midfielder,42,100.0,100.0,1817,1.6,40,5,42,1,True,CRY,7,3
49,50,Carlos,Sánchez,Aston Villa,2,Midfielder,43,0.0,0.0,1043,0.0,55,7,43,1,True,CRY,7,0
50,51,Christian,Benteke,Liverpool,8,Forward,80,100.0,100.0,1234,0.5,65,18,82,3,True,ARS,1,4
51,52,Gabriel,Agbonlahor,Aston Villa,2,Forward,47,100.0,100.0,945,2.8,3,1,47,1,True,CRY,7,0
52,53,Libor,Kozák,Aston Villa,2,Forward,44,0.0,0.0,258,0.0,0,0,44,1,True,CRY,7,2
53,54,Rushian,Hepburn-Murphy,Aston Villa,2,Forward,41,,,0,0.0,0,0,41,1,True,CRY,7,0
54,55,Artur,Boruc,Bournemouth,3,Goalkeeper,45,100.0,100.0,2070,3.6,95,23,45,1,True,WHU,5,2
55,56,Adam,Federici,Bournemouth,3,Goalkeeper,44,100.0,100.0,405,0.0,0,0,44,1,True,WHU,5,0
56,57,Simon,Francis,Bournemouth,3,Defender,41,,,2486,3.4,110,18,43,1,True,WHU,5,1
57,58,Steve,Cook,Bournemouth,3,Defender,42,100.0,100.0,2295,5.2,117,21,43,1,True,WHU,5,1
58,59,Tommy,Elphick,Bournemouth,3,Defender,42,100.0,100.0,450,0.0,0,0,42,1,True,WHU,5,0
59,60,Charlie,Daniels,Bournemouth,3,Defender,48,100.0,100.0,2385,5.6,116,28,45,1,True,WHU,5,1
60,61,Adam,Smith,Bournemouth,3,Defender,41,,,1763,3.4,142,29,40,1,True,WHU,5,0
61,62,Tyrone,Mings,Bournemouth,3,Defender,41,0.0,0.0,11,0.0,0,0,41,1,True,WHU,5,0
62,63,Sylvain,Distin,Bournemouth,3,Defender,40,100.0,100.0,842,0.2,0,0,41,1,True,WHU,5,0
63,64,Matt,Ritchie,Bournemouth,3,Midfielder,53,100.0,100.0,2239,5.4,57,15,54,1,True,WHU,5,1
64,65,Christian,Atsu,Chelsea,4,Midfielder,50,0.0,0.0,0,0.0,0,0,50,1,True,WBA,13,0
65,66,Joshua,King,Bournemouth,3,Midfielder,43,75.0,100.0,1193,1.8,29,15,46,1,True,WHU,5,0
66,67,Harry,Arter,Bournemouth,3,Midfielder,47,75.0,100.0,1437,2.2,72,8,47,1,True,WHU,5,8
67,68,Marc,Pugh,Bournemouth,3,Midfielder,46,100.0,100.0,939,2.0,6,2,47,1,True,WHU,5,0
68,69,Andrew,Surman,Bournemouth,3,Midfielder,43,,,2520,2.0,91,16,43,1,True,WHU,5,5
69,70,Eunan,O'Kane,Bournemouth,3,Midfielder,41,,,576,0.0,19,3,42,1,True,WHU,5,0
70,71,Shaun,MacDonald,Bournemouth,3,Midfielder,43,100.0,100.0,27,0.0,0,0,43,1,True,WHU,5,0
71,72,Junior,Stanislas,Bournemouth,3,Midfielder,41,0.0,0.0,1218,0.8,66,17,42,1,True,WHU,5,2
72,73,Dan,Gosling,Bournemouth,3,Midfielder,44,,,1944,1.4,76,17,44,1,True,WHU,5,2
73,74,Callum,Wilson,Bournemouth,3,Forward,53,0.0,0.0,541,0.0,0,0,53,1,True,WHU,5,0
74,75,Yann,Kermorgant,Bournemouth,3,Forward,44,0.0,0.0,130,0.0,4,2,44,1,True,WHU,5,0
75,76,Tokelo,Rantie,Bournemouth,3,Forward,41,75.0,75.0,41,0.0,3,2,41,1,True,WHU,5,0
76,77,Thibaut,Courtois,Chelsea,4,Goalkeeper,52,100.0,100.0,1491,3.6,80,14,52,1,True,WBA,13,1
77,78,John,Terry,Chelsea,4,Defender,66,0.0,0.0,1717,2.2,58,9,66,1,True,WBA,13,1
78,79,Branislav,Ivanovic,Chelsea,4,Defender,66,100.0,100.0,2160,4.4,112,26,65,1,True,WBA,13,5
79,80,César,Azpilicueta,Chelsea,4,Defender,58,,,2299,4.0,75,13,57,1,True,WBA,13,6
80,81,Gary,Cahill,Chelsea,4,Defender,61,100.0,100.0,1327,1.4,46,6,61,1,True,WBA,13,0
81,82,Kurt,Zouma,Chelsea,4,Defender,52,0.0,0.0,1918,1.4,57,11,54,1,True,WBA,13,1
82,83,Filipe Luis,Kasmirski,Chelsea,4,Defender,55,,,0,0.0,0,0,55,1,True,WBA,13,0
83,84,Nathan,Aké,Watford,18,Defender,44,100.0,100.0,1394,2.0,104,26,44,1,False,SOU,12,0
84,85,Andreas,Christensen,Chelsea,4,Defender,45,0.0,0.0,0,0.0,0,0,45,1,True,WBA,13,0
85,86,Eden,Hazard,Chelsea,4,Midfielder,108,100.0,100.0,1726,2.2,30,6,108,1,True,WBA,13,0
86,87,Cesc,Fàbregas,Chelsea,4,Midfielder,84,100.0,100.0,2077,4.2,48,6,84,1,True,WBA,13,2
87,88,Oscar,dos Santos Emboaba Junior,Chelsea,4,Midfielder,80,100.0,100.0,1438,1.2,52,13,82,1,True,WBA,13,2
88,89,Juan,Cuadrado,Chelsea,4,Midfielder,74,0.0,0.0,27,0.0,0,0,74,1,True,WBA,13,0
89,90,Willian,Borges Da Silva,Chelsea,4,Midfielder,72,100.0,100.0,2094,5.0,99,22,70,1,True,WBA,13,5
90,91,Ramires,Santos do Nascimento,Chelsea,4,Midfielder,53,0.0,0.0,609,0.0,15,4,53,1,True,WBA,13,0
91,92,Nemanja,Matic,Chelsea,4,Midfielder,46,100.0,100.0,1896,2.0,73,10,46,1,True,WBA,13,1
92,93,Ruben,Loftus-Cheek,Chelsea,4,Midfielder,46,,,76,0.2,3,1,46,1,True,WBA,13,0
93,94,John Obi,Mikel,Chelsea,4,Midfielder,42,,,992,1.6,36,4,42,1,True,WBA,13,2
94,95,Isaiah,Brown,Chelsea,4,Midfielder,45,0.0,0.0,0,0.0,0,0,45,1,True,WBA,13,0
95,96,Victor,Moses,West Ham,20,Midfielder,49,100.0,100.0,822,1.6,-1,1,49,3,False,BOU,16,0
96,97,Nathan Allan,de Souza,Chelsea,4,Midfielder,50,0.0,0.0,0,0.0,0,0,50,1,True,WBA,13,0
97,98,Diego,Da Silva Costa,Chelsea,4,Forward,108,100.0,100.0,2013,6.2,40,16,107,1,True,WBA,13,1
98,99,Loïc,Remy,Chelsea,4,Forward,71,100.0,100.0,185,0.0,31,9,71,1,True,WBA,13,0
99,100,Dominic,Solanke,Chelsea,4,Forward,50,0.0,0.0,0,0.0,0,0,50,1,True,WBA,13,0
100,101,Radamel Falcao,García Zárate,Chelsea,4,Forward,69,0.0,0.0,222,0.0,0,0,69,1,True,WBA,13,0
101,102,Julian,Speroni,Crystal Palace,5,Goalkeeper,43,100.0,100.0,0,0.0,0,0,43,1,False,AVL,20,0
102,103,Wayne,Hennessey,Crystal Palace,5,Goalkeeper,42,,,1980,1.4,110,28,41,1,False,AVL,20,2
103,104,Scott,Dann,Crystal Palace,5,Defender,59,100.0,100.0,2430,4.0,109,29,58,1,False,AVL,20,2
104,105,Joel,Ward,Crystal Palace,5,Defender,44,100.0,100.0,1890,1.2,103,25,45,1,False,AVL,20,1
105,106,Adrian,Mariappa,Crystal Palace,5,Defender,37,,,75,0.0,0,0,38,1,False,AVL,20,0
106,107,Martin,Kelly,Crystal Palace,5,Defender,41,,,900,0.4,0,0,43,1,False,AVL,20,0
107,108,Damien,Delaney,Crystal Palace,5,Defender,44,100.0,100.0,1980,2.6,83,20,44,1,False,AVL,20,2
108,109,Pape,Souaré,Crystal Palace,5,Defender,42,100.0,0.0,2160,0.2,85,23,45,1,False,AVL,20,2
109,110,Ezekiel,Fryers,Crystal Palace,5,Defender,40,100.0,100.0,0,0.0,0,0,40,1,False,AVL,20,0
110,111,Brede,Hangeland,Crystal Palace,5,Defender,40,,,630,0.0,20,5,42,1,False,AVL,20,0
111,112,Yannick,Bolasie,Crystal Palace,5,Midfielder,60,100.0,100.0,1380,1.2,44,10,61,1,False,AVL,20,0
112,113,Jason,Puncheon,Crystal Palace,5,Midfielder,55,0.0,0.0,2034,0.4,68,16,56,1,False,AVL,20,2
113,114,Wilfried,Zaha,Crystal Palace,5,Midfielder,53,100.0,75.0,2055,2.4,37,14,53,1,False,AVL,20,2
114,115,Mile,Jedinak,Crystal Palace,5,Midfielder,46,100.0,100.0,775,1.4,29,6,46,1,False,AVL,20,1
115,116,Joe,Ledley,Crystal Palace,5,Midfielder,46,100.0,100.0,637,0.6,31,5,46,1,False,AVL,20,1
116,117,James,McArthur,Crystal Palace,5,Midfielder,50,0.0,0.0,1933,0.2,47,12,50,1,False,AVL,20,2
117,118,Jordon,Mutch,Crystal Palace,5,Midfielder,41,100.0,100.0,671,1.8,20,5,42,1,False,AVL,20,0
118,119,Barry,Bannan,Crystal Palace,5,Midfielder,44,0.0,0.0,0,0.0,0,0,44,1,False,AVL,20,0
119,120,Jonathan,Williams,Crystal Palace,5,Midfielder,43,0.0,0.0,11,0.0,0,0,43,1,False,AVL,20,0
120,121,Chung-yong,Lee,Crystal Palace,5,Midfielder,43,100.0,100.0,318,0.8,33,9,43,1,False,AVL,20,0
121,122,Adlène,Guédioura,Watford,18,Midfielder,42,100.0,100.0,59,0.0,8,4,42,1,False,SOU,12,0
122,123,Glenn,Murray,Bournemouth,3,Forward,54,100.0,100.0,802,0.2,37,11,55,1,True,WHU,5,1
123,124,Dwight,Gayle,Crystal Palace,5,Forward,51,100.0,100.0,384,0.2,3,1,51,1,False,AVL,20,0
124,125,Fraizer,Campbell,Crystal Palace,5,Forward,54,100.0,100.0,342,0.6,4,2,54,1,False,AVL,20,0
125,126,Marouane,Chamakh,Crystal Palace,5,Forward,47,100.0,100.0,257,0.4,12,4,47,1,False,AVL,20,1
126,127,Tim,Howard,Everton,6,Goalkeeper,49,100.0,100.0,2070,0.0,67,11,50,3,False,MCI,3,8
127,128,Joel,Robles,Everton,6,Goalkeeper,43,,,360,4.8,0,0,43,3,False,MCI,3,0
128,129,Leighton,Baines,Everton,6,Defender,60,100.0,100.0,669,0.3,53,10,61,3,False,MCI,3,6
129,130,Seamus,Coleman,Everton,6,Defender,58,100.0,100.0,1880,6.5,94,11,59,3,False,MCI,3,0
130,131,Phil,Jagielka,Everton,6,Defender,51,100.0,100.0,1401,4.3,0,0,51,3,False,MCI,3,6
131,132,John,Stones,Everton,6,Defender,54,100.0,100.0,1908,0.3,83,11,55,3,False,MCI,3,6
132,133,Luke,Garbutt,Everton,6,Defender,45,0.0,0.0,0,0.0,0,0,45,3,False,MCI,3,0
133,134,Brendan,Galloway,Everton,6,Defender,39,100.0,100.0,1221,0.0,31,6,42,3,False,MCI,3,0
134,135,Tony,Hibbert,Everton,6,Defender,39,100.0,100.0,0,0.0,0,0,39,3,False,MCI,3,0
135,136,Tyias,Browning,Everton,6,Defender,38,0.0,0.0,298,0.0,0,0,39,3,False,MCI,3,0
136,137,Kevin,Mirallas,Everton,6,Midfielder,67,100.0,100.0,545,3.0,34,10,68,3,False,MCI,3,0
137,138,Ross,Barkley,Everton,6,Midfielder,73,,,2362,5.8,103,20,75,3,False,MCI,3,3
138,139,Tom,Cleverley,Everton,6,Midfielder,51,75.0,100.0,1139,5.0,108,22,51,3,False,MCI,3,0
139,140,Leon,Osman,Everton,6,Midfielder,44,,,116,0.5,3,1,45,3,False,MCI,3,3
140,141,James,McCarthy,Everton,6,Midfielder,46,100.0,100.0,1605,2.5,22,4,47,3,False,MCI,3,0
141,142,Aiden,McGeady,Everton,6,Midfielder,49,0.0,0.0,0,0.0,0,0,49,3,False,MCI,3,0
142,143,Steven,Pienaar,Everton,6,Midfielder,48,100.0,100.0,93,0.0,0,0,48,3,False,MCI,3,1
143,144,Gareth,Barry,Everton,6,Midfielder,42,100.0,100.0,2430,2.3,91,16,42,3,False,MCI,3,3
144,145,Darron,Gibson,Everton,6,Midfielder,44,0.0,0.0,42,0.0,3,1,44,3,False,MCI,3,0
145,146,Muhamed,Besic,Everton,6,Midfielder,44,0.0,0.0,251,0.0,7,1,44,3,False,MCI,3,2
146,147,Bryan,Oviedo,Everton,6,Midfielder,42,75.0,100.0,614,2.8,0,0,42,3,False,MCI,3,0
147,148,Gerard,Deulofeu,Everton,6,Midfielder,58,100.0,100.0,1163,0.3,70,16,63,3,False,MCI,3,3
148,149,Romelu,Lukaku,Everton,6,Forward,88,100.0,100.0,2331,4.3,148,38,93,3,False,MCI,3,2
149,150,Steven,Naismith,Norwich,12,Forward,50,75.0,100.0,842,1.8,3,1,50,3,False,MCI,3,0
150,151,Arouna,Koné,Everton,6,Forward,44,,,1314,0.8,32,8,46,3,False,MCI,3,1
151,152,Kasper,Schmeichel,Leicester,7,Goalkeeper,46,,,2520,3.6,98,22,45,1,False,TOT,4,7
152,153,Ben,Hamer,Leicester,7,Goalkeeper,40,0.0,0.0,0,0.0,0,0,40,1,False,TOT,4,0
153,154,Wes,Morgan,Leicester,7,Defender,43,100.0,100.0,2520,3.0,91,17,43,1,False,TOT,4,6
154,155,Christian,Fuchs,Leicester,7,Defender,49,100.0,100.0,1811,4.6,101,19,47,1,False,TOT,4,12
155,156,Jeffrey,Schlupp,Leicester,7,Defender,47,100.0,100.0,1048,0.4,6,1,48,1,False,TOT,4,0
156,157,Marcin,Wasilewski,Leicester,7,Defender,40,,,123,-0.2,7,0,40,1,False,TOT,4,0
157,158,Paul,Konchesky,Leicester,7,Defender,45,0.0,0.0,0,0.0,0,0,45,1,False,TOT,4,0
158,159,Ritchie,de Laet,Leicester,7,Defender,45,0.0,0.0,658,0.0,6,2,45,1,False,TOT,4,0
159,160,Danny,Simpson,Leicester,7,Defender,42,100.0,100.0,1709,1.0,83,17,41,1,False,TOT,4,7
160,161,Liam,Moore,Leicester,7,Defender,38,100.0,100.0,0,0.0,0,0,38,1,False,TOT,4,0
161,162,Robert,Huth,Leicester,7,Defender,47,100.0,100.0,2430,6.4,64,14,43,1,False,TOT,4,14
162,163,Riyad,Mahrez,Leicester,7,Midfielder,73,100.0,100.0,2196,6.0,169,54,71,1,False,TOT,4,3
163,164,Marc,Albrighton,Leicester,7,Midfielder,49,,,2216,2.6,74,16,49,1,False,TOT,4,3
164,165,Andy,King,Leicester,7,Midfielder,41,,,867,3.2,49,8,42,1,False,TOT,4,1
165,166,Daniel,Drinkwater,Leicester,7,Midfielder,45,100.0,100.0,2227,3.8,42,7,45,1,False,TOT,4,3
166,167,Dean,Hammond,Leicester,7,Midfielder,43,0.0,0.0,0,0.0,0,0,43,1,False,TOT,4,0
167,168,Anthony,Knockaert,Leicester,7,Midfielder,45,,,0,0.0,0,0,45,1,False,TOT,4,0
168,169,Matthew,James,Leicester,7,Midfielder,44,0.0,0.0,0,0.0,0,0,44,1,False,TOT,4,0
169,170,Jamie,Vardy,Leicester,7,Forward,78,100.0,100.0,2448,5.8,64,24,76,1,False,TOT,4,2
170,171,Leonardo,Ulloa,Leicester,7,Forward,52,100.0,100.0,668,1.8,18,7,53,1,False,TOT,4,1
171,172,Andrej,Kramaric,Leicester,7,Forward,54,0.0,0.0,24,0.0,3,1,54,1,False,TOT,4,0
172,173,David,Nugent,Leicester,7,Forward,55,0.0,0.0,0,0.0,0,0,55,1,False,TOT,4,0
173,174,Shinji,Okazaki,Leicester,7,Forward,56,100.0,100.0,1444,2.6,55,14,56,1,False,TOT,4,2
174,175,Simon,Mignolet,Liverpool,8,Goalkeeper,49,100.0,100.0,2250,2.3,68,17,50,3,True,ARS,1,1
175,176,Adam,Bogdan,Liverpool,8,Goalkeeper,43,,,90,0.0,10,1,43,3,True,ARS,1,0
176,177,Martin,Skrtel,Liverpool,8,Defender,53,25.0,25.0,1480,0.0,27,0,55,3,True,ARS,1,0
177,178,José,Enrique Sanchez Diaz,Liverpool,8,Defender,42,,,0,0.0,0,0,42,3,True,ARS,1,0
178,179,Kolo,Touré,Liverpool,8,Defender,44,100.0,100.0,432,3.8,3,1,44,3,True,ARS,1,1
179,180,Mamadou,Sakho,Liverpool,8,Defender,47,75.0,75.0,1470,2.0,75,18,47,3,True,ARS,1,1
180,181,Tiago,Ilori,Liverpool,8,Defender,44,100.0,100.0,0,0.0,0,0,44,1,True,ARS,1,0
181,182,Dejan,Lovren,Liverpool,8,Defender,48,75.0,75.0,1221,0.5,92,15,49,3,True,ARS,1,0
182,183,Javier,Manquillo,Liverpool,8,Defender,45,,,0,0.0,0,0,45,3,True,ARS,1,0
183,184,Alberto,Moreno,Liverpool,8,Defender,47,,,1920,1.8,98,15,50,3,True,ARS,1,1
184,185,Andre,Wisdom,Norwich,12,Defender,42,0.0,0.0,554,0.0,19,2,42,3,False,STK,7,0
185,186,Nathaniel,Clyne,Liverpool,8,Defender,52,100.0,100.0,2340,3.8,79,15,53,3,True,ARS,1,0
186,187,Leiva,Lucas,Liverpool,8,Midfielder,43,25.0,25.0,1517,0.5,57,5,43,3,True,ARS,1,0
187,188,Jordan,Henderson,Liverpool,8,Midfielder,65,100.0,100.0,993,2.5,86,21,65,3,True,ARS,1,2
188,189,Raheem,Sterling,Man City,9,Midfielder,85,100.0,100.0,1655,1.3,39,13,88,1,True,EVE,11,3
189,190,Joe,Allen,Liverpool,8,Midfielder,49,100.0,100.0,193,0.5,12,3,49,3,True,ARS,1,6
190,191,Philippe,Coutinho,Liverpool,8,Midfielder,80,100.0,100.0,1481,3.8,31,10,83,3,True,ARS,1,0
191,192,Jordon,Ibe,Liverpool,8,Midfielder,45,100.0,100.0,854,0.3,19,5,45,3,True,ARS,1,2
192,193,Emre,Can,Liverpool,8,Midfielder,53,100.0,100.0,2041,3.0,56,8,53,3,True,ARS,1,5
193,194,Adam,Lallana,Liverpool,8,Midfielder,73,100.0,100.0,1471,2.8,57,16,73,3,True,ARS,1,2
194,195,Lazar,Markovic,Liverpool,8,Midfielder,58,0.0,0.0,0,0.0,0,0,58,3,True,ARS,1,0
195,196,Oluwaseyi,Ojo,Liverpool,8,Midfielder,50,100.0,100.0,0,0.0,0,0,50,3,True,ARS,1,0
196,197,James,Milner,Liverpool,8,Midfielder,65,100.0,100.0,1837,3.8,23,4,65,3,True,ARS,1,5
197,198,Roberto,Firmino,Liverpool,8,Midfielder,81,100.0,100.0,1401,5.3,56,17,78,3,True,ARS,1,13
198,199,Daniel,Sturridge,Liverpool,8,Forward,99,50.0,50.0,352,1.5,1,1,99,3,True,ARS,1,0
199,200,Rickie,Lambert,West Brom,19,Forward,53,,,620,0.0,16,5,53,3,False,CHE,14,0
200,201,Fabio,Borini,Sunderland,16,Forward,54,100.0,100.0,1144,2.0,70,17,54,3,False,SWA,17,5
201,202,Mario,Balotelli,Liverpool,8,Forward,69,0.0,0.0,0,0.0,0,0,69,3,True,ARS,1,0
202,203,Danny,Ings,Liverpool,8,Forward,69,0.0,0.0,313,0.0,0,0,70,3,True,ARS,1,0
203,204,Divock,Origi,Liverpool,8,Forward,54,100.0,100.0,300,1.3,35,10,55,3,True,ARS,1,0
204,205,Joe,Hart,Man City,9,Goalkeeper,55,100.0,100.0,2160,3.0,87,16,55,1,True,EVE,11,6
205,206,Willy,Caballero,Man City,9,Goalkeeper,48,,,180,0.0,0,0,48,1,True,EVE,11,0
206,207,Aleksandar,Kolarov,Man City,9,Defender,60,100.0,100.0,1782,0.8,78,9,64,1,True,EVE,11,0
207,208,Pablo,Zabaleta,Man City,9,Defender,57,100.0,100.0,450,0.3,0,0,57,1,True,EVE,11,0
208,209,Vincent,Kompany,Man City,9,Defender,61,100.0,100.0,819,0.0,5,1,62,1,True,EVE,11,0
209,210,Gaël,Clichy,Man City,9,Defender,53,100.0,100.0,473,4.0,19,2,53,1,True,EVE,11,9
210,211,Martín,Demichelis,Man City,9,Defender,53,100.0,100.0,919,1.8,17,2,53,1,True,EVE,11,6
211,212,Bacary,Sagna,Man City,9,Defender,56,100.0,100.0,1980,1.3,87,17,55,1,True,EVE,11,9
212,213,Eliaquim,Mangala,Man City,9,Defender,53,100.0,100.0,1199,0.0,72,9,53,1,True,EVE,11,0
213,214,Jason,Denayer,Man City,9,Defender,43,0.0,0.0,0,0.0,0,0,43,1,True,EVE,11,0
214,215,Samir,Nasri,Man City,9,Midfielder,68,0.0,0.0,244,0.0,0,0,68,1,True,EVE,11,0
215,216,David,Silva,Man City,9,Midfielder,98,100.0,100.0,1331,1.8,77,14,100,1,True,EVE,11,1
216,217,Gnegneri Yaya,Touré,Man City,9,Midfielder,84,75.0,75.0,1861,1.5,103,28,86,1,True,EVE,11,3
217,218,Jesús,Navas,Man City,9,Midfielder,61,100.0,100.0,1298,1.5,41,8,61,1,True,EVE,11,3
218,219,Fernando,Luiz Rosa,Man City,9,Midfielder,56,100.0,100.0,1968,1.5,76,10,57,1,True,EVE,11,0
219,220,Fernando Francisco,Reges,Man City,9,Midfielder,49,100.0,100.0,961,0.8,19,2,49,1,True,EVE,11,3
220,221,Edin,Dzeko,Man City,9,Forward,75,0.0,0.0,0,0.0,0,0,75,1,True,EVE,11,0
221,222,Sergio,Agüero,Man City,9,Forward,134,100.0,100.0,1416,3.3,3,4,131,1,True,EVE,11,2
222,223,Stevan,Jovetic,Man City,9,Forward,70,0.0,0.0,0,0.0,0,0,70,1,True,EVE,11,0
223,224,Wilfried,Bony,Man City,9,Forward,79,100.0,100.0,831,0.0,37,12,80,1,True,EVE,11,0
224,225,Jose,Pozo,Man City,9,Forward,48,,,0,0.0,0,0,48,1,True,EVE,11,0
225,226,David,de Gea,Man Utd,10,Goalkeeper,56,100.0,100.0,2070,2.2,84,18,56,1,False,NEW,18,2
226,227,Víctor,Valdés,Man Utd,10,Goalkeeper,47,0.0,0.0,0,0.0,0,0,47,1,False,NEW,18,0
227,228,Chris,Smalling,Man Utd,10,Defender,66,75.0,75.0,2250,1.6,78,15,68,1,False,NEW,18,0
228,229,Phil,Jones,Man Utd,10,Defender,48,25.0,25.0,530,0.0,35,4,50,1,False,NEW,18,0
229,230,Rafael Pereira,da Silva,Man Utd,10,Defender,50,,,0,0.0,0,0,50,1,False,NEW,18,0
230,231,Jonny,Evans,West Brom,19,Defender,47,75.0,75.0,1780,1.6,95,12,48,3,False,CHE,14,1
231,232,Guillermo,Varela,Man Utd,10,Defender,42,100.0,100.0,225,0.0,26,2,42,1,False,NEW,18,0
232,233,Luke,Shaw,Man Utd,10,Defender,53,0.0,0.0,450,0.0,0,0,53,1,False,NEW,18,0
233,234,Tyler,Blackett,Man Utd,10,Defender,44,0.0,0.0,0,0.0,0,0,44,1,False,NEW,18,0
234,235,Marcos,Rojo,Man Utd,10,Defender,50,75.0,75.0,533,0.2,0,0,51,1,False,NEW,18,0
235,236,Patrick,McNair,Man Utd,10,Defender,45,100.0,100.0,313,0.0,15,2,47,1,False,NEW,18,0
236,237,Antonio,Valencia,Man Utd,10,Defender,51,0.0,0.0,284,0.0,0,0,51,1,False,NEW,18,0
237,238,Juan,Mata,Man Utd,10,Midfielder,81,,,2080,2.2,56,12,84,1,False,NEW,18,1
238,239,Marouane,Fellaini,Man Utd,10,Midfielder,62,0.0,0.0,891,1.2,43,15,62,1,False,NEW,18,4
239,240,Memphis,Depay,Man Utd,10,Midfielder,78,100.0,100.0,1135,1.0,25,7,78,1,False,NEW,18,1
240,241,Michael,Carrick,Man Utd,10,Midfielder,48,100.0,100.0,1333,1.4,49,6,48,1,False,NEW,18,0
241,242,Ashley,Young,Man Utd,10,Midfielder,56,0.0,0.0,1013,0.0,34,6,56,1,False,NEW,18,2
242,243,Adnan,Januzaj,Man Utd,10,Midfielder,55,100.0,100.0,141,0.0,0,0,55,1,False,NEW,18,0
243,244,Ander,Herrera,Man Utd,10,Midfielder,65,100.0,100.0,1142,1.6,33,6,65,1,False,NEW,18,1
244,245,Ángel,Di María,Man Utd,10,Midfielder,85,50.0,50.0,0,0.0,0,0,85,1,False,NEW,18,0
245,246,Daley,Blind,Man Utd,10,Midfielder,52,,,2223,1.6,96,12,53,1,False,NEW,18,2
246,247,Andreas,Pereira,Man Utd,10,Midfielder,45,100.0,100.0,84,0.2,9,1,46,1,False,NEW,18,0
247,248,Robin,van Persie,Man Utd,10,Forward,95,,,0,0.0,0,0,95,1,False,NEW,18,0
248,249,Javier,Hernández,Man Utd,10,Forward,60,0.0,0.0,24,0.0,0,0,60,1,False,NEW,18,0
249,250,Wayne,Rooney,Man Utd,10,Forward,99,0.0,0.0,1903,3.2,21,7,99,1,False,NEW,18,16
250,251,James,Wilson,Man Utd,10,Forward,45,0.0,0.0,9,0.0,0,0,45,1,False,NEW,18,0
251,252,Tim,Krul,Newcastle,11,Goalkeeper,43,0.0,0.0,720,0.0,0,0,43,1,True,MUN,6,0
252,253,Robert,Elliot,Newcastle,11,Goalkeeper,40,100.0,100.0,1530,2.0,86,20,40,1,True,MUN,6,1
253,254,Michael,Williamson,Newcastle,11,Defender,42,0.0,0.0,0,0.0,0,0,42,1,True,MUN,6,0
254,255,Steven,Taylor,Newcastle,11,Defender,38,100.0,100.0,315,1.8,0,0,38,1,True,MUN,6,0
255,256,Fabricio,Coloccini,Newcastle,11,Defender,45,25.0,25.0,2292,1.8,82,21,45,1,True,MUN,6,1
256,257,Massadio,Haidara,Newcastle,11,Defender,42,0.0,0.0,555,0.0,0,0,43,1,True,MUN,6,0
257,258,Paul,Dummett,Newcastle,11,Defender,42,100.0,100.0,1232,0.3,99,15,43,1,True,MUN,6,7
258,259,Daryl,Janmaat,Newcastle,11,Defender,48,100.0,100.0,2192,2.5,72,13,48,1,True,MUN,6,1
259,260,Gabriel,Obertan,Newcastle,11,Midfielder,42,0.0,0.0,279,0.0,0,0,42,1,True,MUN,6,0
260,261,Cheick,Tioté,Newcastle,11,Midfielder,44,100.0,100.0,720,1.3,10,2,44,1,True,MUN,6,1
261,262,Mehdi,Abeid,Newcastle,11,Midfielder,45,0.0,0.0,0,0.0,0,0,45,1,True,MUN,6,0
262,263,Vurnon,Anita,Newcastle,11,Midfielder,42,100.0,100.0,1370,0.0,64,9,43,1,True,MUN,6,0
263,264,Moussa,Sissoko,Newcastle,11,Midfielder,56,100.0,100.0,2167,1.8,69,15,57,1,True,MUN,6,2
264,265,Jack,Colback,Newcastle,11,Midfielder,52,100.0,100.0,1524,1.0,65,8,52,1,True,MUN,6,2
265,266,Yoan,Gouffran,Newcastle,11,Midfielder,55,,,154,0.0,7,2,55,1,True,MUN,6,1
266,267,Sammy,Ameobi,Newcastle,11,Midfielder,50,,,0,0.0,0,0,50,1,True,MUN,6,0
267,268,Siem,de Jong,Newcastle,11,Midfielder,60,100.0,100.0,353,0.0,27,10,61,1,True,MUN,6,1
268,269,Rémy,Cabella,Newcastle,11,Midfielder,65,0.0,0.0,0,0.0,0,0,65,1,True,MUN,6,0
269,270,Rolando,Aarons,Newcastle,11,Midfielder,45,100.0,100.0,343,1.5,0,0,45,1,True,MUN,6,0
270,271,Papiss Demba,Cissé,Newcastle,11,Forward,62,75.0,100.0,612,0.0,14,4,62,1,True,MUN,6,0
271,272,Adam,Armstrong,Newcastle,11,Forward,43,0.0,0.0,0,0.0,0,0,43,1,True,MUN,6,0
272,273,Ayoze,Pérez Gutiérrez,Newcastle,11,Forward,51,,,1492,0.8,45,12,51,1,True,MUN,6,2
273,274,Emmanuel,Riviere,Newcastle,11,Forward,54,100.0,100.0,3,0.0,0,0,54,1,True,MUN,6,0
274,275,John,Ruddy,Norwich,12,Goalkeeper,41,,,1530,1.0,0,0,43,3,False,STK,7,0
275,276,Declan,Rudd,Norwich,12,Goalkeeper,39,,,990,0.6,88,17,39,3,False,STK,7,1
276,277,Sebastien,Bassong,Norwich,12,Defender,42,50.0,50.0,2340,0.4,68,12,43,3,False,STK,7,1
277,278,Steven,Whittaker,Norwich,12,Defender,40,100.0,100.0,660,0.0,0,0,41,3,False,STK,7,0
278,279,Russell,Martin,Norwich,12,Defender,42,100.0,100.0,2067,1.0,55,9,44,3,False,STK,7,1
279,280,Martin,Olsson,Norwich,12,Defender,44,100.0,100.0,1046,0.4,45,6,44,3,False,STK,7,0
280,281,Michael,Turner,Norwich,12,Defender,39,,,0,0.0,0,0,39,3,False,STK,7,0
281,282,Jos,Hooiveld,Norwich,12,Defender,40,,,0,0.0,0,0,40,3,False,STK,7,0
282,283,Ryan,Bennett,Norwich,12,Defender,39,,,1274,0.0,76,12,39,3,False,STK,7,-1
283,284,Bradley,Johnson,Norwich,12,Midfielder,53,0.0,0.0,154,0.0,0,0,53,3,False,STK,7,0
284,285,Nathan,Redmond,Norwich,12,Midfielder,50,100.0,100.0,1782,2.6,53,13,52,3,False,STK,7,1
285,286,Wes,Hoolahan,Norwich,12,Midfielder,47,100.0,50.0,1545,2.8,61,18,48,3,False,STK,7,2
286,287,Jonny,Howson,Norwich,12,Midfielder,49,,,2244,1.4,53,15,49,3,False,STK,7,9
287,288,Graham,Dorrans,Norwich,12,Midfielder,44,100.0,100.0,1048,0.2,22,6,44,3,False,STK,7,0
288,289,Alexander,Tettey,Norwich,12,Midfielder,42,75.0,100.0,1949,0.8,87,17,43,3,False,STK,7,1
289,290,Gary,O'Neil,Norwich,12,Midfielder,42,100.0,100.0,855,1.0,24,4,42,3,False,STK,7,-2
290,291,Elliott,Bennett,Norwich,12,Midfielder,42,0.0,0.0,0,0.0,0,0,42,3,False,STK,7,0
291,292,Youssouf,Mulumbu,Norwich,12,Midfielder,43,100.0,100.0,368,0.6,13,3,43,3,False,STK,7,0
292,293,Cameron,Jerome,Norwich,12,Forward,45,100.0,100.0,1411,1.4,37,17,45,3,False,STK,7,1
293,294,Ricky,van Wolfswinkel,Norwich,12,Forward,47,,,0,0.0,0,0,47,3,False,STK,7,0
294,295,Lewis,Grabban,Bournemouth,3,Forward,42,100.0,50.0,337,0.4,4,2,42,3,True,WHU,5,1
295,296,Gary,Hooper,Norwich,12,Forward,42,0.0,0.0,13,0.0,0,0,42,3,False,STK,7,0
296,297,Kyle,Lafferty,Norwich,12,Forward,43,100.0,100.0,14,0.0,0,0,43,3,False,STK,7,0
297,298,Fraser,Forster,Southampton,13,Goalkeeper,50,100.0,100.0,720,5.2,0,0,49,3,True,WAT,10,6
298,299,Kelvin,Davis,Southampton,13,Goalkeeper,41,,,90,0.0,0,0,42,3,True,WAT,10,0
299,300,Maarten,Stekelenburg,Southampton,13,Goalkeeper,49,100.0,100.0,1530,0.0,52,10,50,3,True,WAT,10,0
300,301,Ryan,Bertrand,Southampton,13,Defender,53,100.0,100.0,1980,3.8,67,14,53,3,True,WAT,10,6
301,302,Jose,Fonte,Southampton,13,Defender,56,100.0,100.0,2420,4.6,94,20,53,3,True,WAT,10,6
302,303,Maya,Yoshida,Southampton,13,Defender,40,,,948,3.4,17,3,41,3,True,WAT,10,1
303,304,Matt,Targett,Southampton,13,Defender,39,100.0,100.0,943,1.6,0,0,38,3,True,WAT,10,12
304,305,Florin,Gardos,Southampton,13,Defender,44,0.0,0.0,0,0.0,0,0,44,3,True,WAT,10,0
305,306,Toby,Alderweireld,Spurs,14,Defender,64,,,2430,3.4,99,20,60,3,True,LEI,2,2
306,307,Cédric,Soares,Southampton,13,Defender,48,100.0,100.0,1785,3.0,67,7,48,3,True,WAT,10,5
307,308,Morgan,Schneiderlin,Man Utd,10,Midfielder,51,100.0,100.0,1578,1.0,19,3,51,1,False,NEW,18,2
308,309,Steven,Davis,Southampton,13,Midfielder,48,100.0,100.0,1917,1.0,78,11,48,3,True,WAT,10,6
309,310,James,Ward-Prowse,Southampton,13,Midfielder,55,,,1384,2.8,37,12,55,3,True,WAT,10,0
310,311,Victor,Wanyama,Southampton,13,Midfielder,42,0.0,0.0,1884,0.8,64,11,42,3,True,WAT,10,0
311,312,Harrison,Reed,Southampton,13,Midfielder,42,,,11,0.0,0,0,43,3,True,WAT,10,0
312,313,Dusan,Tadic,Southampton,13,Midfielder,66,,,1521,0.8,67,14,68,3,True,WAT,10,6
313,314,Sadio,Mané,Southampton,13,Midfielder,73,100.0,100.0,1921,1.4,47,14,76,3,True,WAT,10,3
314,315,Jake,Hesketh,Southampton,13,Midfielder,47,,,0,0.0,0,0,47,3,True,WAT,10,0
315,316,Eljero,Elia,Southampton,13,Midfielder,60,,,0,0.0,0,0,60,3,True,WAT,10,0
316,317,Filip,Djuricic,Southampton,13,Midfielder,55,,,0,0.0,0,0,55,3,True,WAT,10,0
317,318,Shane,Long,Southampton,13,Forward,57,75.0,50.0,1430,3.8,57,18,57,3,True,WAT,10,7
318,319,Jay,Rodriguez,Southampton,13,Forward,64,0.0,0.0,252,0.0,0,0,65,3,True,WAT,10,0
319,320,Emmanuel,Mayuka,Southampton,13,Forward,45,0.0,0.0,0,0.0,0,0,45,3,True,WAT,10,0
320,321,Graziano,Pellè,Southampton,13,Forward,78,100.0,100.0,1591,1.4,8,5,79,3,True,WAT,10,1
321,322,Juan Miguel,Jiménez López,Southampton,13,Forward,53,,,147,0.2,11,4,53,3,True,WAT,10,0
322,323,Hugo,Lloris,Spurs,14,Goalkeeper,52,100.0,100.0,2340,3.6,91,22,51,3,True,LEI,2,2
323,324,Michel,Vorm,Spurs,14,Goalkeeper,42,,,90,0.0,0,0,43,3,True,LEI,2,0
324,325,Danny,Rose,Spurs,14,Defender,51,100.0,100.0,1341,4.2,45,4,51,3,True,LEI,2,0
325,326,Younes,Kaboul,Sunderland,16,Defender,42,100.0,100.0,1216,0.2,48,5,43,3,False,SWA,17,0
326,327,Kyle,Walker,Spurs,14,Defender,51,100.0,100.0,2061,2.4,111,22,52,3,True,LEI,2,2
327,328,Jan,Vertonghen,Spurs,14,Defender,54,0.0,0.0,2054,0.0,102,17,55,3,True,LEI,2,2
328,329,Vlad,Chiriches,Spurs,14,Defender,44,,,0,0.0,0,0,44,3,True,LEI,2,0
329,330,Ben,Davies,Spurs,14,Defender,41,,,1089,1.2,59,17,41,3,True,LEI,2,2
330,331,Eric,Dier,Spurs,14,Defender,54,100.0,100.0,2290,3.0,84,22,53,3,True,LEI,2,1
331,332,Federico,Fazio,Spurs,14,Defender,47,0.0,0.0,0,0.0,0,0,47,3,True,LEI,2,0
332,333,DeAndre,Yedlin,Sunderland,16,Defender,44,100.0,100.0,926,1.6,19,2,44,3,False,SWA,17,0
333,334,Kieran,Trippier,Spurs,14,Defender,49,,,369,3.0,20,5,50,3,True,LEI,2,0
334,335,Kevin,Wimmer,Spurs,14,Defender,46,,,376,3.2,0,0,46,3,True,LEI,2,0
335,336,Mousa,Dembélé,Spurs,14,Midfielder,52,0.0,0.0,1558,1.6,59,8,52,3,True,LEI,2,1
336,337,Andros,Townsend,Newcastle,11,Midfielder,58,75.0,100.0,334,3.0,0,0,58,3,True,LEI,2,0
337,338,Nacer,Chadli,Spurs,14,Midfielder,66,100.0,100.0,814,2.2,15,4,66,3,True,LEI,2,0
338,339,Etienne,Capoue,Watford,18,Midfielder,48,100.0,100.0,2336,1.4,71,13,48,1,False,SOU,12,2
339,340,Erik,Lamela,Spurs,14,Midfielder,68,100.0,100.0,1553,2.0,64,19,68,3,True,LEI,2,2
340,341,Christian,Eriksen,Spurs,14,Midfielder,86,100.0,100.0,1959,5.2,82,14,84,3,True,LEI,2,3
341,342,Nabil,Bentaleb,Spurs,14,Midfielder,42,100.0,100.0,170,0.0,0,0,43,3,True,LEI,2,0
342,343,Alex,Pritchard,West Brom,19,Midfielder,47,100.0,100.0,51,0.2,0,0,48,3,True,LEI,2,0
343,344,Benjamin,Stambouli,Spurs,14,Midfielder,45,,,0,0.0,0,0,45,3,True,LEI,2,0
344,345,Ryan,Mason,Spurs,14,Midfielder,49,100.0,100.0,506,0.2,0,0,49,3,True,LEI,2,0
345,346,Aaron,Lennon,Everton,6,Midfielder,56,,,772,8.3,24,4,56,3,False,MCI,3,0
346,347,Tom,Carroll,Spurs,14,Midfielder,47,100.0,100.0,418,0.4,36,11,47,3,True,LEI,2,3
347,348,Bamidele,Alli,Spurs,14,Midfielder,60,75.0,75.0,1835,3.6,106,30,53,3,True,LEI,2,2
348,349,Emmanuel,Adebayor,Crystal Palace,5,Forward,58,100.0,100.0,260,2.2,0,0,58,3,True,LEI,2,0
349,350,Harry,Kane,Spurs,14,Forward,101,100.0,100.0,2375,4.6,115,29,98,3,True,LEI,2,2
350,351,Roberto,Soldado,Spurs,14,Forward,59,0.0,0.0,0,0.0,0,0,59,3,True,LEI,2,0
351,352,Asmir,Begovic,Chelsea,4,Goalkeeper,47,,,1027,0.0,0,0,48,1,True,WBA,13,0
352,353,Jack,Butland,Stoke,15,Goalkeeper,52,,,2430,1.4,124,29,52,3,True,NOR,15,2
353,354,Jakob,Haugaard,Stoke,15,Goalkeeper,44,,,0,0.0,0,0,44,3,True,NOR,15,0
354,355,Ryan,Shawcross,Stoke,15,Defender,48,0.0,0.0,1065,0.0,106,20,48,3,True,NOR,15,2
355,356,Marc,Wilson,Stoke,15,Defender,44,0.0,0.0,261,0.0,0,0,44,3,True,NOR,15,0
356,357,Geoff,Cameron,Stoke,15,Defender,42,75.0,75.0,1379,0.4,82,19,43,3,True,NOR,15,0
357,358,Erik,Pieters,Stoke,15,Defender,50,100.0,100.0,2385,1.2,121,20,50,3,True,NOR,15,2
358,359,Marc,Muniesa,Stoke,15,Defender,42,100.0,100.0,675,0.6,0,0,42,3,True,NOR,15,0
359,360,Phil,Bardsley,Stoke,15,Defender,42,75.0,75.0,241,1.4,0,0,42,3,True,NOR,15,0
360,361,Philipp,Wollscheid,Stoke,15,Defender,45,100.0,100.0,1874,1.0,133,21,45,3,True,NOR,15,2
361,362,Stephen,Ireland,Stoke,15,Midfielder,46,100.0,100.0,199,0.4,0,0,46,3,True,NOR,15,0
362,363,Charlie,Adam,Stoke,15,Midfielder,55,0.0,0.0,850,0.0,16,3,56,3,True,NOR,15,0
363,364,Glenn,Whelan,Stoke,15,Midfielder,43,75.0,75.0,2336,1.6,56,11,43,3,True,NOR,15,2
364,365,Jonathan,Walters,Stoke,15,Midfielder,56,100.0,100.0,1418,2.0,15,4,56,3,True,NOR,15,7
365,366,Steven,N'Zonzi,Stoke,15,Midfielder,50,,,0,0.0,0,0,50,3,True,NOR,15,0
366,367,Steve,Sidwell,Stoke,15,Midfielder,42,0.0,0.0,13,0.0,0,0,42,3,True,NOR,15,0
367,368,Marko,Arnautovic,Stoke,15,Midfielder,64,100.0,100.0,1967,3.8,126,41,66,3,True,NOR,15,5
368,369,Peter,Odemwingie,Stoke,15,Midfielder,47,100.0,100.0,106,0.2,0,0,47,3,True,NOR,15,1
369,370,Peter,Crouch,Stoke,15,Forward,56,100.0,100.0,158,0.4,0,0,56,3,True,NOR,15,1
370,371,Mame Biram,Diouf,Stoke,15,Forward,62,100.0,100.0,918,0.6,7,2,62,3,True,NOR,15,0
371,372,Bojan,Krkic,Stoke,15,Forward,49,100.0,100.0,1295,0.4,114,29,51,3,True,NOR,15,1
372,373,Jose Luis,Mato Sanmartín,Stoke,15,Forward,55,,,684,1.4,21,6,55,3,True,NOR,15,7
373,374,Vito,Mannone,Sunderland,16,Goalkeeper,43,,,900,2.2,38,4,43,3,False,SWA,17,1
374,375,Costel,Pantilimon,Watford,18,Goalkeeper,46,,,1530,0.0,43,7,48,3,False,SWA,17,0
375,376,John,O'Shea,Sunderland,16,Defender,43,75.0,100.0,1846,1.4,49,3,43,3,False,SWA,17,1
376,377,Valentin,Roberge,Sunderland,16,Defender,40,,,0,0.0,0,0,40,3,False,SWA,17,0
377,378,Billy,Jones,Sunderland,16,Defender,42,100.0,100.0,2017,0.4,53,4,43,3,False,SWA,17,1
378,379,Patrick,van Aanholt,Sunderland,16,Defender,47,,,2160,2.4,76,6,46,3,False,SWA,17,11
379,380,Santiago,Vergini,Sunderland,16,Defender,45,,,0,0.0,0,0,45,3,False,SWA,17,0
380,381,Wes,Brown,Sunderland,16,Defender,42,100.0,100.0,540,0.0,18,2,43,3,False,SWA,17,1
381,382,Sebastián,Coates,Sunderland,16,Defender,42,0.0,0.0,1229,0.0,62,5,42,3,False,SWA,17,0
382,383,Lee,Cattermole,Sunderland,16,Midfielder,43,0.0,100.0,1605,1.8,21,3,43,3,False,SWA,17,2
383,384,Sebastian,Larsson,Sunderland,16,Midfielder,50,100.0,100.0,386,0.0,0,0,50,3,False,SWA,17,0
384,385,Jack,Rodwell,Sunderland,16,Midfielder,48,100.0,100.0,876,0.8,27,5,48,3,False,SWA,17,1
385,386,Jordi,Gomez Garcia-Penche,Sunderland,16,Midfielder,48,0.0,0.0,352,0.0,16,2,48,3,False,SWA,17,0
386,387,Liam,Bridcutt,Sunderland,16,Midfielder,43,0.0,0.0,0,0.0,0,0,43,3,False,SWA,17,0
387,388,Emanuele,Giaccherini,Sunderland,16,Midfielder,53,0.0,0.0,0,0.0,0,0,53,3,False,SWA,17,0
388,389,Adam,Johnson,Sunderland,16,Midfielder,58,0.0,0.0,1148,1.4,33,8,58,3,False,SWA,17,9
389,390,William,Buckley,Sunderland,16,Midfielder,47,0.0,0.0,0,0.0,0,0,47,3,False,SWA,17,0
390,391,Connor,Wickham,Crystal Palace,5,Forward,55,100.0,100.0,1022,6.0,38,10,55,1,False,AVL,20,1
391,392,Jermain,Defoe,Sunderland,16,Forward,51,100.0,100.0,1798,3.4,4,5,51,1,False,SWA,17,17
392,393,Steven,Fletcher,Sunderland,16,Forward,48,0.0,0.0,1010,0.0,7,6,49,1,False,SWA,17,0
393,394,Danny,Graham,Sunderland,16,Forward,41,0.0,0.0,360,0.0,4,3,41,1,False,SWA,17,1
394,395,Lukasz,Fabianski,Swansea,17,Goalkeeper,47,,,2430,3.2,108,22,48,1,True,SUN,18,3
395,396,Kristoffer,Nordfeldt,Swansea,17,Goalkeeper,42,,,0,0.0,0,0,43,1,True,SUN,18,0
396,397,Kyle,Naughton,Swansea,17,Defender,45,100.0,100.0,1469,0.6,52,10,46,1,True,SUN,18,-4
397,398,Ashley,Williams,Swansea,17,Defender,48,,,2430,1.2,141,29,48,1,True,SUN,18,0
398,399,Neil,Taylor,Swansea,17,Defender,47,,,2398,1.2,98,19,48,1,True,SUN,18,0
399,400,Angel,Rangel,Swansea,17,Defender,41,100.0,100.0,989,2.2,66,16,41,1,True,SUN,18,0
400,401,Kyle,Bartley,Swansea,17,Defender,42,,,286,0.0,25,2,43,1,True,SUN,18,0
401,402,Dwight,Tiendalli,Swansea,17,Defender,40,0.0,0.0,0,0.0,0,0,40,1,True,SUN,18,0
402,403,Jordi,Amat,Swansea,17,Defender,44,100.0,100.0,103,0.2,25,6,44,1,True,SUN,18,0
403,404,Federico,Fernández,Swansea,17,Defender,48,100.0,100.0,2070,1.2,82,18,48,1,True,SUN,18,0
404,405,Franck,Tabanou,Swansea,17,Defender,44,0.0,0.0,0,0.0,0,0,44,1,True,SUN,18,0
405,406,Jack,Cork,Swansea,17,Midfielder,46,,,1556,2.2,54,10,46,1,True,SUN,18,1
406,407,Gylfi,Sigurdsson,Swansea,17,Midfielder,71,,,2164,4.8,43,11,70,1,True,SUN,18,7
407,408,Wayne,Routledge,Swansea,17,Midfielder,51,100.0,100.0,1035,1.6,17,6,51,1,True,SUN,18,2
408,409,Nathan,Dyer,Leicester,7,Midfielder,46,100.0,100.0,238,0.2,5,2,47,1,False,TOT,4,1
409,410,Leon,Britton,Swansea,17,Midfielder,42,,,1092,1.6,65,9,42,1,True,SUN,18,1
410,411,Jonjo,Shelvey,Newcastle,11,Midfielder,53,100.0,100.0,1665,2.0,11,3,54,1,True,SUN,18,0
411,412,Jay,Fulton,Swansea,17,Midfielder,43,100.0,100.0,0,0.0,0,0,43,1,True,SUN,18,0
412,413,Sung-yueng,Ki,Swansea,17,Midfielder,50,100.0,100.0,1649,0.6,76,16,50,1,True,SUN,18,2
413,414,Jefferson,Montero,Swansea,17,Midfielder,51,100.0,100.0,953,0.0,10,3,53,1,True,SUN,18,0
414,415,Matt,Grimes,Swansea,17,Midfielder,42,0.0,0.0,90,0.0,4,3,42,1,True,SUN,18,0
415,416,André,Ayew,Swansea,17,Midfielder,67,100.0,100.0,2261,1.6,18,10,68,1,True,SUN,18,10
416,417,Bafétimbi,Gomis,Swansea,17,Forward,63,100.0,100.0,1360,0.6,35,12,64,1,True,SUN,18,1
417,418,Marvin,Emnes,Swansea,17,Forward,41,,,55,0.0,0,1,41,1,True,SUN,18,0
418,419,Modou,Barrow,Swansea,17,Forward,43,100.0,100.0,454,0.6,22,6,43,1,True,SUN,18,2
419,420,Ederzito Antonio,Macedo Lopes,Swansea,17,Forward,50,0.0,0.0,276,0.0,0,0,50,1,True,SUN,18,0
420,421,Heurelho,Gomes,Watford,18,Goalkeeper,48,100.0,100.0,2406,4.4,102,23,48,1,False,SOU,12,2
421,422,Jonathan,Bond,Watford,18,Goalkeeper,40,,,0,0.0,0,0,40,1,False,SOU,12,0
422,423,Giedrius,Arlauskis,Watford,18,Goalkeeper,44,0.0,0.0,24,0.0,0,0,44,1,False,SOU,12,0
423,424,Gabriele,Angella,Watford,18,Defender,43,0.0,0.0,0,0.0,0,0,43,1,False,SOU,12,0
424,425,Craig,Cathcart,Watford,18,Defender,46,,,2359,3.0,88,19,46,1,False,SOU,12,1
425,426,Sebastian,Prödl,Watford,18,Defender,42,100.0,100.0,1148,1.6,7,1,43,1,False,SOU,12,0
426,427,Juan Carlos,Paredes,Watford,18,Defender,42,100.0,100.0,490,2.2,5,1,43,1,False,SOU,12,0
427,428,Miguel,Layún,Watford,18,Defender,45,,,131,0.0,0,0,45,1,False,SOU,12,0
428,429,Joel,Ekstrand,Watford,18,Defender,39,50.0,50.0,0,0.0,0,0,39,1,False,SOU,12,0
429,430,Daniel,Pudil,Watford,18,Defender,40,,,0,0.0,0,0,40,1,False,SOU,12,0
430,431,Tommie,Hoban,Watford,18,Defender,38,0.0,0.0,0,0.0,0,0,39,1,False,SOU,12,0
431,432,Lloyd,Doyley,Watford,18,Defender,40,0.0,0.0,0,0.0,0,0,40,1,False,SOU,12,0
432,433,Daniel,Tözsér,Watford,18,Midfielder,50,,,0,0.0,0,0,50,1,False,SOU,12,0
433,434,Almen,Abdi,Watford,18,Midfielder,47,100.0,100.0,1424,0.8,58,10,47,1,False,SOU,12,2
434,435,Ben,Watson,Watford,18,Midfielder,43,,,2025,1.8,77,15,43,1,False,SOU,12,2
435,436,Diego,Fabbrini,Watford,18,Midfielder,45,0.0,0.0,0,0.0,0,0,45,1,False,SOU,12,0
436,437,Ikechi,Anya,Watford,18,Midfielder,41,100.0,100.0,1303,0.0,29,8,43,1,False,SOU,12,1
437,438,Lloyd,Dyer,Watford,18,Midfielder,42,,,0,0.0,0,0,42,1,False,SOU,12,0
438,439,Lewis,McGugan,Watford,18,Midfielder,45,,,0,0.0,0,0,45,1,False,SOU,12,0
439,440,Sean,Murray,Watford,18,Midfielder,44,100.0,100.0,0,0.0,0,0,44,1,False,SOU,12,0
440,441,Troy,Deeney,Watford,18,Forward,52,,,2378,3.6,128,30,52,1,False,SOU,12,1
441,442,Odion,Ighalo,Watford,18,Forward,61,100.0,100.0,2308,1.6,153,41,63,1,False,SOU,12,2
442,443,Matej,Vydra,Watford,18,Forward,48,,,0,0.0,0,0,48,1,False,SOU,12,0
443,444,Fernando,Forestieri,Watford,18,Forward,44,0.0,0.0,0,0.0,0,0,44,1,False,SOU,12,0
444,445,Boaz,Myhill,West Brom,19,Goalkeeper,44,,,1980,0.0,84,15,47,3,False,CHE,14,0
445,446,Ben,Foster,West Brom,19,Goalkeeper,49,100.0,100.0,540,3.4,0,0,49,3,False,CHE,14,0
446,447,Jonas,Olsson,West Brom,19,Defender,43,100.0,100.0,1504,3.4,36,11,43,3,False,CHE,14,1
447,448,Craig,Dawson,West Brom,19,Defender,51,100.0,100.0,2520,3.4,77,20,51,3,False,CHE,14,1
448,449,Joleon,Lescott,Aston Villa,2,Defender,46,100.0,100.0,1935,3.4,62,12,47,1,True,CRY,7,15
449,450,Sébastien,Pocognoli,West Brom,19,Defender,41,,,0,0.0,0,0,42,3,False,CHE,14,0
450,451,Cristian,Gamboa,West Brom,19,Defender,38,,,28,0.0,0,0,39,3,False,CHE,14,0
451,452,Gareth,McAuley,West Brom,19,Defender,49,100.0,100.0,2160,1.0,85,18,50,3,False,CHE,14,-1
452,453,Darren,Fletcher,West Brom,19,Midfielder,43,100.0,100.0,2475,2.6,82,21,43,3,False,CHE,14,8
453,454,Stéphane,Sessegnon,West Brom,19,Midfielder,51,100.0,100.0,1239,2.4,24,6,51,3,False,CHE,14,1
454,455,Craig,Gardner,West Brom,19,Midfielder,51,,,1365,4.4,46,11,51,3,False,CHE,14,9
455,456,James,Morrison,West Brom,19,Midfielder,45,0.0,0.0,1338,0.0,62,9,46,3,False,CHE,14,1
456,457,Chris,Brunt,West Brom,19,Midfielder,51,0.0,0.0,1800,0.2,69,15,52,3,False,CHE,14,2
457,458,Claudio,Yacob,West Brom,19,Midfielder,44,0.0,100.0,2081,2.0,24,7,44,3,False,CHE,14,0
458,459,Callum,McManaman,West Brom,19,Midfielder,43,0.0,0.0,258,0.0,0,0,44,3,False,CHE,14,0
459,460,James,McClean,West Brom,19,Midfielder,47,100.0,100.0,1771,1.2,37,9,47,3,False,CHE,14,6
460,461,Victor,Anichebe,West Brom,19,Forward,45,100.0,100.0,336,1.0,2,2,45,3,False,CHE,14,0
461,462,Saido,Berahino,West Brom,19,Forward,58,100.0,100.0,1176,2.6,10,3,59,3,False,CHE,14,1
462,463,Brown,Ideye,West Brom,19,Forward,53,0.0,0.0,0,0.0,0,0,53,3,False,CHE,14,0
463,464,Georgios,Samaras,West Brom,19,Forward,44,,,0,0.0,0,0,44,3,False,CHE,14,0
464,465,Adrián,San Miguel del Castillo,West Ham,20,Goalkeeper,50,100.0,100.0,2160,3.6,111,26,50,3,False,BOU,16,3
465,466,Darren,Randolph,West Ham,20,Goalkeeper,44,100.0,100.0,270,0.0,0,0,45,3,False,BOU,16,0
466,467,James,Collins,West Ham,20,Defender,43,100.0,100.0,1374,2.6,70,15,43,3,False,BOU,16,2
467,468,Joey,O'Brien,West Ham,20,Defender,44,0.0,0.0,0,0.0,0,0,44,3,False,BOU,16,0
468,469,Winston,Reid,West Ham,20,Defender,48,0.0,0.0,1325,2.2,33,9,48,3,False,BOU,16,0
469,470,James,Tomkins,West Ham,20,Defender,49,0.0,0.0,1825,1.6,103,21,50,3,False,BOU,16,2
470,471,Aaron,Cresswell,West Ham,20,Defender,57,100.0,100.0,2324,3.6,99,28,55,3,False,BOU,16,2
471,472,Reece,Burke,West Ham,20,Defender,39,100.0,100.0,0,0.0,0,0,39,3,False,BOU,16,0
472,473,Reece,Oxford,West Ham,20,Defender,37,100.0,100.0,138,0.0,3,1,37,3,False,BOU,16,0
473,474,Stewart,Downing,West Ham,20,Midfielder,60,,,0,0.0,0,0,60,3,False,BOU,16,0
474,475,Mark,Noble,West Ham,20,Midfielder,54,100.0,100.0,2245,3.8,85,14,54,3,False,BOU,16,2
475,476,Kevin,Nolan,West Ham,20,Midfielder,54,0.0,0.0,57,0.0,0,0,54,3,False,BOU,16,0
476,477,Matthew,Jarvis,Norwich,12,Midfielder,46,100.0,100.0,624,0.8,0,0,47,3,False,STK,7,1
477,478,Cheikhou,Kouyaté,West Ham,20,Midfielder,52,100.0,100.0,2055,2.2,57,11,52,3,False,BOU,16,0
478,479,Diego,Poyet,West Ham,20,Midfielder,45,0.0,0.0,0,0.0,0,0,45,3,False,BOU,16,0
479,480,Morgan,Amalfitano,West Ham,20,Midfielder,46,0.0,0.0,0,0.0,0,0,46,3,False,BOU,16,0
480,481,Pedro,Obiang,West Ham,20,Midfielder,48,100.0,100.0,866,0.6,31,5,48,3,False,BOU,16,2
481,482,Dimitri,Payet,West Ham,20,Midfielder,83,100.0,100.0,1680,4.2,0,0,76,3,False,BOU,16,11
482,483,Andy,Carroll,West Ham,20,Forward,63,100.0,100.0,758,0.6,44,11,64,3,False,BOU,16,1
483,484,Enner,Valencia,West Ham,20,Forward,56,0.0,0.0,862,1.6,20,6,58,3,False,BOU,16,13
484,485,Diafra,Sakho,West Ham,20,Forward,62,50.0,50.0,1038,0.0,0,0,63,3,False,BOU,16,0
485,486,Modibo,Maiga,West Ham,20,Forward,45,0.0,0.0,27,0.0,0,0,45,3,False,BOU,16,0
486,487,Mauro,Zárate,West Ham,20,Forward,53,100.0,100.0,788,0.0,29,8,53,3,False,BOU,16,0
487,488,Mark,Bunn,Aston Villa,2,Goalkeeper,43,,,630,2.2,0,0,43,1,True,CRY,7,6
488,489,Cuco,Martina,Southampton,13,Defender,41,,,365,0.0,44,14,41,3,True,WAT,10,0
489,490,Adam,Matthews,Sunderland,16,Defender,42,100.0,100.0,37,0.0,0,0,42,3,False,SWA,17,0
490,491,Yohan,Cabaye,Crystal Palace,5,Midfielder,64,100.0,75.0,2060,1.4,79,17,66,1,False,AVL,20,2
491,492,José,Holebas,Watford,18,Defender,40,100.0,100.0,585,1.2,7,0,41,1,False,SOU,12,1
492,493,Idrissa,Gueye,Aston Villa,2,Midfielder,46,100.0,100.0,2183,2.2,74,9,46,1,True,CRY,7,2
493,494,Jon,Flanagan,Liverpool,8,Defender,44,100.0,100.0,0,0.0,0,0,44,3,True,ARS,1,0
494,495,Matteo,Darmian,Man Utd,10,Defender,54,100.0,100.0,1520,1.6,52,14,54,1,False,NEW,18,1
495,496,Bastian,Schweinsteiger,Man Utd,10,Midfielder,66,0.0,0.0,1181,0.0,19,5,66,1,False,NEW,18,0
496,497,Georginio,Wijnaldum,Newcastle,11,Midfielder,69,,,2252,1.5,85,22,69,1,True,MUN,6,8
497,498,Gastón,Ramírez,Southampton,13,Midfielder,52,0.0,0.0,31,0.0,1,1,53,3,True,WAT,10,0
498,499,Glen,Johnson,Stoke,15,Defender,51,0.0,0.0,2184,0.6,119,26,53,3,True,NOR,15,2
499,500,Marco,Van Ginkel,Stoke,15,Midfielder,50,0.0,0.0,755,0.0,29,6,50,3,True,NOR,15,1
500,501,Valon,Behrami,Watford,18,Midfielder,42,100.0,100.0,1003,2.0,14,5,43,1,False,SOU,12,0
501,502,Angelo,Ogbonna,West Ham,20,Defender,49,100.0,100.0,1336,1.8,94,21,49,3,False,BOU,16,2
502,503,Mark,Schwarzer,Leicester,7,Goalkeeper,38,100.0,100.0,0,0.0,0,0,39,1,False,TOT,4,0
503,504,Anders,Lindegaard,West Brom,19,Goalkeeper,43,100.0,100.0,0,0.0,0,0,44,3,False,CHE,14,0
504,505,Karl,Darlow,Newcastle,11,Goalkeeper,39,100.0,100.0,90,0.0,15,3,39,1,True,MUN,6,0
505,506,Jamaal,Lascelles,Newcastle,11,Defender,42,100.0,100.0,300,-0.5,0,0,42,1,True,MUN,6,0
506,507,Tony,Andreu,Norwich,12,Midfielder,42,100.0,100.0,0,0.0,0,0,42,3,False,STK,7,0
507,508,Jordy,Clasie,Southampton,13,Midfielder,52,100.0,100.0,964,1.0,25,5,52,3,True,WAT,10,3
508,509,Mohamed,El Ouriachi,Stoke,15,Midfielder,42,,,0,0.0,0,0,42,3,True,NOR,15,0
509,510,Jeremain,Lens,Sunderland,16,Midfielder,60,0.0,0.0,1189,0.2,3,2,60,3,False,SWA,17,2
510,511,Allan-Roméo,Nyom,Watford,18,Defender,46,100.0,100.0,1983,1.0,107,26,47,1,False,SOU,12,2
511,512,Elliot,Lee,West Ham,20,Forward,43,0.0,0.0,0,0.0,0,0,43,3,False,BOU,16,0
512,513,Jordan,Amavi,Aston Villa,2,Defender,48,0.0,0.0,837,0.0,0,0,48,1,True,CRY,7,0
513,514,Patrick,Bamford,Norwich,12,Forward,53,0.0,0.0,160,0.4,1,1,53,1,True,WBA,13,0
514,515,Joseph,Gomez,Liverpool,8,Defender,42,0.0,0.0,437,0.0,0,0,43,3,True,ARS,1,0
515,516,Patrick,Roberts,Man City,9,Midfielder,42,0.0,0.0,5,0.0,0,0,42,1,True,EVE,11,0
516,517,Aleksandar,Mitrovic,Newcastle,11,Forward,62,100.0,100.0,1503,2.5,43,16,62,1,True,MUN,6,11
517,518,Alex,McCarthy,Crystal Palace,5,Goalkeeper,38,,,540,0.0,0,0,39,1,False,AVL,20,0
518,519,Miguel,Britos,Watford,18,Defender,45,100.0,100.0,1353,1.4,82,18,45,1,False,SOU,12,2
519,520,José Manuel,Jurado Marín,Watford,18,Midfielder,53,25.0,25.0,1493,1.0,85,17,53,1,False,SOU,12,2
520,521,Manuel,Lanzini,West Ham,20,Midfielder,49,100.0,100.0,1016,0.6,5,1,52,3,False,BOU,16,0
521,522,José Ángel,Crespo,Aston Villa,2,Defender,44,0.0,0.0,90,0.0,0,0,44,1,True,CRY,7,0
522,523,Jordan,Ayew,Aston Villa,2,Forward,54,100.0,100.0,1504,0.0,63,22,55,1,True,CRY,7,2
523,524,Sergio,Romero,Man Utd,10,Goalkeeper,43,,,360,0.0,0,0,44,1,False,NEW,18,0
524,525,Ibrahim,Afellay,Stoke,15,Midfielder,51,100.0,100.0,1490,3.4,64,11,51,3,True,NOR,15,11
525,526,Steven,Berghuis,Watford,18,Midfielder,55,100.0,100.0,91,0.0,0,0,55,1,False,SOU,12,0
526,527,Robbie,Brady,Norwich,12,Midfielder,54,100.0,100.0,2418,3.0,49,9,54,3,False,STK,7,2
527,528,Steven,Caulker,Liverpool,8,Defender,52,100.0,100.0,151,0.0,0,0,52,3,True,ARS,1,1
528,529,James,Chester,West Brom,19,Defender,45,100.0,100.0,537,1.4,0,0,46,3,False,CHE,14,0
529,530,Jordan,Veretout,Aston Villa,2,Midfielder,56,,,1626,3.0,96,20,56,1,True,CRY,7,5
530,531,Rudy,Gestede,Aston Villa,2,Forward,55,100.0,100.0,1202,1.8,14,10,56,1,True,CRY,7,0
531,532,Chancel,Mbemba,Newcastle,11,Defender,49,0.0,0.0,2113,0.3,94,17,49,1,True,MUN,6,1
532,533,Yohan,Benalouane,Leicester,7,Defender,42,0.0,0.0,68,0.0,0,0,43,1,False,TOT,4,0
533,534,Removed,Player,Leicester,7,Defender,50,,,0,0.0,0,0,50,1,False,TOT,4,0
534,535,Max,Gradel,Bournemouth,3,Midfielder,57,100.0,100.0,404,1.2,0,0,57,1,True,WHU,5,0
535,536,Lee,Tomlin,Bournemouth,3,Forward,47,0.0,0.0,290,0.0,0,0,47,1,True,WHU,5,0
536,537,Bakary,Sako,Crystal Palace,5,Midfielder,50,100.0,75.0,681,0.2,0,0,50,1,False,AVL,20,2
537,538,N'Golo,Kanté,Leicester,7,Midfielder,50,0.0,0.0,2122,2.4,102,16,50,1,False,TOT,4,3
538,539,Jeff,Reine-Adelaide,Arsenal,1,Midfielder,48,,,0,0.0,0,0,48,3,False,LIV,9,0
539,540,Baily,Cargill,Bournemouth,3,Defender,39,,,0,0.0,0,0,39,1,True,WHU,5,0
540,541,Tom,Lawrence,Leicester,7,Forward,44,0.0,0.0,0,0.0,0,0,44,1,False,TOT,4,0
541,542,Kelechi,Iheanacho,Man City,9,Forward,48,100.0,100.0,356,1.8,28,10,49,1,True,EVE,11,0
542,543,Vadis,Odjidja-Ofoe,Norwich,12,Midfielder,49,100.0,100.0,255,0.2,18,4,49,3,False,STK,7,5
543,544,Yann,M'Vila,Sunderland,16,Midfielder,49,100.0,100.0,2395,2.0,82,12,49,3,False,SWA,17,2
544,545,Martin,Samuelsen,West Ham,20,Midfielder,44,0.0,0.0,0,0.0,0,0,44,3,False,BOU,16,0
545,546,Sam,Johnstone,Man Utd,10,Goalkeeper,43,0.0,0.0,0,0.0,0,0,43,1,False,NEW,18,0
546,547,Conor,McAleny,Everton,6,Forward,44,0.0,0.0,0,0.0,0,0,44,3,False,MCI,3,0
547,548,Rene,Gilmartin,Watford,18,Goalkeeper,40,0.0,0.0,0,0.0,0,0,40,1,False,SOU,12,0
548,549,Paulo,Gazzaniga,Southampton,13,Goalkeeper,45,,,180,0.0,34,5,45,3,True,WAT,10,0
549,550,Jack,Rose,West Brom,19,Goalkeeper,39,,,0,0.0,0,0,40,3,False,CHE,14,0
