,id,first_name,second_name,team_name,team_id,type_name,event_points,assists,goals_scored,goals_conceded,now_cost,bonus,bps,dreamteam_count,chance_of_playing_next_round,chance_of_playing_this_round,minutes,form,points_per_game,next_fixture,total_points,bonus_form,fantasy_form,own_team_form,home
0,1,Wojciech,Szczesny,Arsenal,1,Goalkeeper,0,0,0,0,50,0,0,0,0.0,0.0,0,0.0,0.0,Man Utd (A),0,0,0,3,True
1,2,David,Ospina,Arsenal,1,Goalkeeper,0,0,0,0,47,0,0,0,100.0,100.0,0,0.0,0.0,Man Utd (A),0,0,0,3,True
2,3,Petr,Cech,Arsenal,1,Goalkeeper,2,0,0,23,59,12,555,1,,,2340,5.8,4.8,Man Utd (A),125,81,21,3,True
3,4,Laurent,Koscielny,Arsenal,1,Defender,0,0,3,22,63,14,540,3,75.0,100.0,1945,3.5,4.5,Man Utd (A),103,71,15,3,True
4,5,Per,Mertesacker,Arsenal,1,Defender,2,0,0,20,52,0,373,0,100.0,100.0,1637,0.0,2.9,Man Utd (A),55,19,4,3,True
5,6,Gabriel Armando,de Abreu,Arsenal,1,Defender,0,0,1,5,43,6,274,2,75.0,100.0,914,3.5,5.0,Man Utd (A),55,43,7,3,True
6,7,Héctor,Bellerín,Arsenal,1,Defender,2,2,0,20,61,8,563,1,100.0,100.0,2160,4.3,4.3,Man Utd (A),103,78,15,3,True
7,8,Kieran,Gibbs,Arsenal,1,Defender,0,0,1,4,52,0,81,0,100.0,100.0,284,0.3,1.8,Man Utd (A),24,0,0,3,True
8,9,Mathieu,Debuchy,Arsenal,1,Defender,0,0,0,3,51,0,32,0,0.0,0.0,142,0.0,1.5,Man Utd (A),3,0,0,3,True
9,10,Carl,Jenkinson,Arsenal,1,Defender,0,0,2,24,49,0,189,0,0.0,0.0,1228,0.3,1.4,Man Utd (A),28,6,2,5,False
10,11,Nacho,Monreal,Arsenal,1,Defender,2,2,0,23,59,10,612,0,,,2259,4.5,4.0,Man Utd (A),103,79,17,3,True
11,12,Calum,Chambers,Arsenal,1,Defender,1,1,0,3,46,1,113,0,,,317,0.3,2.0,Man Utd (A),22,2,1,3,True
12,13,Alexis,Sánchez,Arsenal,1,Midfielder,2,2,6,10,110,8,277,2,100.0,100.0,1396,2.3,4.7,Man Utd (A),85,14,4,3,True
13,14,Theo,Walcott,Arsenal,1,Midfielder,6,3,4,10,81,0,165,0,100.0,100.0,1204,2.5,3.5,Man Utd (A),71,19,6,3,True
14,15,Mesut,Özil,Arsenal,1,Midfielder,8,17,4,20,99,28,641,3,100.0,100.0,2079,5.8,6.5,Man Utd (A),156,27,5,3,True
15,16,Santiago,Cazorla,Arsenal,1,Midfielder,0,3,0,12,79,6,282,0,0.0,0.0,1203,0.0,2.9,Man Utd (A),41,0,0,3,True
16,17,Aaron,Ramsey,Arsenal,1,Midfielder,1,3,4,18,80,7,377,2,100.0,100.0,1947,3.0,4.0,Man Utd (A),89,44,8,3,True
17,18,Jack,Wilshere,Arsenal,1,Midfielder,0,0,0,0,58,0,0,0,0.0,0.0,0,0.0,0.0,Man Utd (A),0,0,0,3,True
18,19,Alex,Oxlade-Chamberlain,Arsenal,1,Midfielder,2,1,1,11,55,0,198,0,100.0,100.0,928,2.8,2.0,Man Utd (A),44,21,4,3,True
19,20,Mikel,Arteta,Arsenal,1,Midfielder,0,0,0,4,47,0,36,0,100.0,100.0,166,0.0,0.8,Man Utd (A),6,0,0,3,True
20,21,Tomas,Rosicky,Arsenal,1,Midfielder,0,0,0,0,49,0,0,0,0.0,0.0,0,0.0,0.0,Man Utd (A),0,0,0,3,True
21,22,Serge,Gnabry,Arsenal,1,Midfielder,0,0,0,0,45,0,2,0,100.0,100.0,13,0.0,1.0,Man Utd (A),1,0,0,3,False
22,23,Gedion,Zelalem,Arsenal,1,Midfielder,0,0,0,0,48,0,0,0,0.0,0.0,0,0.0,0.0,Man Utd (A),0,0,0,3,True
23,24,Francis,Coquelin,Arsenal,1,Midfielder,1,0,0,6,42,0,219,0,100.0,100.0,979,0.5,1.7,Man Utd (A),26,-1,0,3,True
24,25,Mathieu,Flamini,Arsenal,1,Midfielder,0,0,0,11,44,0,153,0,100.0,100.0,1083,1.5,1.9,Man Utd (A),28,30,7,3,True
25,26,Olivier,Giroud,Arsenal,1,Forward,5,4,12,20,90,9,405,0,,,1789,3.3,4.2,Man Utd (A),110,16,5,3,True
26,27,Danny,Welbeck,Arsenal,1,Forward,6,0,1,0,73,2,27,0,100.0,25.0,8,1.5,6.0,Man Utd (A),6,0,0,3,True
27,28,Chuba,Akpom,Arsenal,1,Forward,0,0,0,0,50,0,0,0,0.0,0.0,0,0.0,0.0,Man Utd (A),0,0,0,3,True
28,29,Yaya,Sanogo,Arsenal,1,Forward,0,0,0,0,50,0,0,0,0.0,0.0,0,0.0,0.0,Man Utd (A),0,0,0,3,True
29,30,Bradley,Guzan,Aston Villa,2,Goalkeeper,0,0,0,37,42,0,330,0,,,1800,0.0,2.4,Stoke (A),48,0,0,3,True
30,31,Shay,Given,Stoke,15,Goalkeeper,0,0,0,0,43,0,0,0,0.0,0.0,0,0.0,0.0,Aston Villa (H),0,0,0,3,False
31,32,Leandro,Bacuna,Aston Villa,2,Defender,-1,0,0,29,47,2,269,0,100.0,100.0,1656,3.0,2.0,Stoke (A),42,43,8,3,True
32,33,Kieran,Richardson,Aston Villa,2,Defender,0,1,0,17,41,1,86,0,100.0,100.0,559,0.3,1.0,Stoke (A),9,0,1,3,True
33,34,Ron,Vlaar,Aston Villa,2,Defender,0,0,0,0,45,0,0,0,,,0,0.0,0.0,Stoke (A),0,0,0,3,True
34,35,Philippe,Senderos,Aston Villa,2,Defender,0,0,0,0,40,0,0,0,100.0,100.0,0,0.0,0.0,Stoke (A),0,0,0,3,True
35,36,Aly,Cissokho,Aston Villa,2,Defender,-1,0,0,12,45,4,134,0,,,630,3.5,3.4,Stoke (A),24,49,10,3,True
36,37,Alan,Hutton,Aston Villa,2,Defender,1,1,0,31,41,0,239,0,100.0,100.0,1436,0.3,1.2,Stoke (A),22,0,0,3,True
37,38,Ciaran,Clark,Aston Villa,2,Defender,0,0,0,17,43,0,148,0,100.0,100.0,812,0.3,1.5,Stoke (A),17,0,0,3,True
38,39,Jores,Okore,Aston Villa,2,Defender,-1,0,0,14,44,0,170,0,100.0,100.0,900,3.0,2.7,Stoke (A),27,53,9,3,True
39,40,Nathan,Baker,Aston Villa,2,Defender,0,0,0,0,40,0,0,0,0.0,0.0,0,0.0,0.0,Stoke (A),0,0,0,3,True
40,41,Lewis,Kinsella,Aston Villa,2,Defender,0,0,0,0,39,0,0,0,,,0,0.0,0.0,Stoke (A),0,0,0,3,True
41,42,Micah,Richards,Aston Villa,2,Defender,-1,1,1,37,44,3,347,0,100.0,100.0,1704,2.8,2.5,Stoke (A),48,35,6,3,True
42,43,Fabian,Delph,Man City,9,Midfielder,0,0,2,9,54,4,126,0,0.0,0.0,514,0.8,2.5,,30,53,12,7,True
43,44,Carles,Gil de Pareja Vicent,Aston Villa,2,Midfielder,2,1,2,21,46,0,200,0,100.0,100.0,1172,3.3,2.4,Stoke (A),46,29,7,3,True
44,45,Charles,N'Zogbia,Aston Villa,2,Midfielder,0,0,0,0,45,0,7,0,,,43,0.0,1.0,Stoke (A),2,0,0,3,True
45,46,Joe,Cole,Aston Villa,2,Midfielder,0,0,0,0,47,0,0,0,0.0,0.0,0,0.0,0.0,Stoke (A),0,0,0,3,True
46,47,Jack,Grealish,Aston Villa,2,Midfielder,0,0,1,21,52,0,113,0,75.0,0.0,762,0.0,2.0,Stoke (A),24,0,0,3,True
47,48,Scott,Sinclair,Aston Villa,2,Midfielder,1,0,2,28,42,2,77,1,,,1098,0.5,2.3,Stoke (A),41,7,2,3,True
48,49,Ashley,Westwood,Aston Villa,2,Midfielder,1,1,0,31,42,1,265,0,100.0,100.0,1657,1.8,2.0,Stoke (A),41,29,5,3,True
49,50,Carlos,Sánchez,Aston Villa,2,Midfielder,0,0,0,19,43,0,190,0,50.0,50.0,1043,0.0,1.7,Stoke (A),26,0,0,3,True
50,51,Christian,Benteke,Liverpool,8,Forward,1,3,6,16,81,11,217,0,100.0,100.0,1234,0.8,3.4,,75,13,3,7,False
51,52,Gabriel,Agbonlahor,Aston Villa,2,Forward,1,2,1,11,47,1,93,0,75.0,100.0,790,2.5,2.7,Stoke (A),30,8,2,3,True
52,53,Libor,Kozák,Aston Villa,2,Forward,0,0,0,2,44,0,16,0,0.0,0.0,258,0.5,1.8,Stoke (A),7,9,4,3,True
53,54,Rushian,Hepburn-Murphy,Aston Villa,2,Forward,0,0,0,0,41,0,0,0,,,0,0.0,0.0,Stoke (A),0,0,0,3,True
54,55,Artur,Boruc,Bournemouth,3,Goalkeeper,2,0,0,31,45,6,341,2,100.0,100.0,1890,2.3,3.5,Watford (A),73,57,12,7,True
55,56,Adam,Federici,Bournemouth,3,Goalkeeper,0,0,0,12,44,0,54,0,100.0,100.0,405,0.0,1.4,Watford (A),7,0,0,7,True
56,57,Simon,Francis,Bournemouth,3,Defender,0,2,0,44,42,5,492,0,,,2306,1.0,2.2,Watford (A),57,53,9,7,True
57,58,Steve,Cook,Bournemouth,3,Defender,1,1,1,40,42,4,434,2,100.0,100.0,2115,1.3,2.7,Watford (A),64,61,9,7,True
58,59,Tommy,Elphick,Bournemouth,3,Defender,0,0,0,9,42,0,66,0,75.0,75.0,450,0.0,1.6,Watford (A),8,0,0,7,True
59,60,Charlie,Daniels,Bournemouth,3,Defender,5,5,2,40,47,15,543,3,100.0,100.0,2205,4.0,3.9,Watford (A),97,97,28,7,True
60,61,Adam,Smith,Bournemouth,3,Defender,1,0,2,26,41,9,380,1,,,1583,1.3,2.6,Watford (A),65,56,9,7,True
61,62,Tyrone,Mings,Bournemouth,3,Defender,0,0,0,0,41,0,3,0,0.0,0.0,11,0.0,1.0,Watford (A),1,0,0,7,True
62,63,Sylvain,Distin,Bournemouth,3,Defender,0,0,0,21,40,0,164,0,100.0,100.0,842,0.3,1.5,Watford (A),16,3,1,7,True
63,64,Matt,Ritchie,Bournemouth,3,Midfielder,6,4,3,39,53,3,317,0,100.0,100.0,2065,3.8,3.1,Watford (A),77,30,7,7,True
64,65,Christian,Atsu,Chelsea,4,Midfielder,0,0,0,0,50,0,0,0,0.0,0.0,0,0.0,0.0,Southampton (A),0,0,0,5,True
65,66,Joshua,King,Bournemouth,3,Midfielder,1,1,2,22,43,3,112,1,100.0,100.0,1034,0.8,2.3,Watford (A),44,1,1,7,True
66,67,Harry,Arter,Bournemouth,3,Midfielder,1,0,1,20,47,1,231,0,100.0,100.0,1282,1.8,2.0,Watford (A),32,33,6,7,True
67,68,Marc,Pugh,Bournemouth,3,Midfielder,0,3,2,21,46,0,156,0,100.0,100.0,933,2.5,2.8,Watford (A),44,54,17,7,True
68,69,Andrew,Surman,Bournemouth,3,Midfielder,1,2,0,44,43,2,413,0,,,2340,1.5,2.4,Watford (A),62,39,6,7,True
69,70,Eunan,O'Kane,Bournemouth,3,Midfielder,0,1,0,14,41,0,79,0,,,576,0.0,1.5,Watford (A),19,3,1,7,True
70,71,Shaun,MacDonald,Bournemouth,3,Midfielder,0,0,0,1,43,0,6,0,100.0,100.0,27,0.0,1.0,Watford (A),2,0,0,7,True
71,72,Junior,Stanislas,Bournemouth,3,Midfielder,2,2,3,17,42,5,219,1,100.0,100.0,1196,2.8,3.6,Watford (A),58,43,11,7,True
72,73,Dan,Gosling,Bournemouth,3,Midfielder,1,2,3,33,44,6,327,0,,,1902,1.8,3.0,Watford (A),74,58,14,7,True
73,74,Callum,Wilson,Bournemouth,3,Forward,0,0,5,9,53,5,141,1,0.0,0.0,541,0.0,5.4,Watford (A),38,0,0,7,True
74,75,Yann,Kermorgant,Bournemouth,3,Forward,0,0,0,3,44,0,14,0,0.0,0.0,130,0.0,1.0,Watford (A),7,3,1,7,True
75,76,Tokelo,Rantie,Bournemouth,3,Forward,0,0,0,0,41,0,6,0,75.0,75.0,41,0.0,1.0,Watford (A),3,0,0,7,True
76,77,Thibaut,Courtois,Chelsea,4,Goalkeeper,2,0,0,19,52,1,268,0,100.0,100.0,1311,5.0,3.3,Southampton (A),50,61,14,5,True
77,78,John,Terry,Chelsea,4,Defender,1,0,1,28,66,6,346,0,75.0,100.0,1717,4.8,2.7,Southampton (A),57,85,20,5,True
78,79,Branislav,Ivanovic,Chelsea,4,Defender,2,3,1,30,66,11,427,2,100.0,100.0,1980,5.5,3.8,Southampton (A),84,90,19,5,True
79,80,César,Azpilicueta,Chelsea,4,Defender,5,3,2,33,58,10,528,1,,,2119,5.5,3.7,Southampton (A),92,84,16,5,True
80,81,Gary,Cahill,Chelsea,4,Defender,2,1,1,23,61,0,230,0,100.0,100.0,1147,0.8,2.4,Southampton (A),34,0,0,5,True
81,82,Kurt,Zouma,Chelsea,4,Defender,0,1,1,26,53,7,412,1,0.0,0.0,1918,3.8,3.5,Southampton (A),81,78,15,5,True
82,83,Filipe Luis,Kasmirski,Chelsea,4,Defender,0,0,0,0,55,0,0,0,,,0,0.0,0.0,Southampton (A),0,0,0,5,True
83,84,Nathan,Aké,Watford,18,Defender,2,1,1,15,44,6,263,1,100.0,100.0,1304,1.5,3.4,Bournemouth (H),57,23,4,5,False
84,85,Andreas,Christensen,Chelsea,4,Defender,0,0,0,0,45,0,0,0,0.0,0.0,0,0.0,0.0,Southampton (A),0,0,0,5,True
85,86,Eden,Hazard,Chelsea,4,Midfielder,2,3,1,24,108,2,265,1,100.0,100.0,1546,1.3,2.4,Southampton (A),56,16,2,5,True
86,87,Cesc,Fàbregas,Chelsea,4,Midfielder,5,4,1,28,84,6,430,1,100.0,100.0,1897,3.3,3.0,Southampton (A),74,91,19,5,True
87,88,Oscar,dos Santos Emboaba Junior,Chelsea,4,Midfielder,0,2,3,18,81,3,249,1,75.0,100.0,1295,1.5,3.1,Southampton (A),58,48,9,5,True
88,89,Juan,Cuadrado,Chelsea,4,Midfielder,0,0,0,2,74,0,5,0,0.0,0.0,27,0.0,1.0,Southampton (A),1,0,0,5,True
89,90,Willian,Borges Da Silva,Chelsea,4,Midfielder,13,8,4,26,71,11,473,2,100.0,100.0,1973,5.3,4.3,Southampton (A),107,44,8,5,True
90,91,Ramires,Santos do Nascimento,Chelsea,4,Midfielder,0,0,2,10,53,1,100,0,0.0,0.0,609,0.0,2.4,Southampton (A),29,0,0,5,True
91,92,Nemanja,Matic,Chelsea,4,Midfielder,2,0,1,28,46,2,339,0,100.0,100.0,1805,2.3,2.0,Southampton (A),50,32,6,5,True
92,93,Ruben,Loftus-Cheek,Chelsea,4,Midfielder,1,0,0,2,46,0,22,0,,,76,0.3,1.0,Southampton (A),5,0,0,5,True
93,94,John Obi,Mikel,Chelsea,4,Midfielder,0,1,0,11,42,0,177,0,,,871,1.8,1.8,Southampton (A),25,52,7,5,True
94,95,Isaiah,Brown,Chelsea,4,Midfielder,0,0,0,0,45,0,0,0,0.0,0.0,0,0.0,0.0,Southampton (A),0,0,0,5,True
95,96,Victor,Moses,West Ham,20,Midfielder,4,4,1,14,49,0,105,0,100.0,100.0,796,2.0,2.6,Sunderland (H),39,8,3,5,False
96,97,Nathan Allan,de Souza,Chelsea,4,Midfielder,0,0,0,0,50,0,0,0,0.0,0.0,0,0.0,0.0,Southampton (A),0,0,0,5,True
97,98,Diego,Da Silva Costa,Chelsea,4,Forward,9,5,10,29,106,12,296,3,100.0,75.0,1833,6.3,4.6,Southampton (A),102,42,16,5,True
98,99,Loïc,Remy,Chelsea,4,Forward,0,1,1,3,71,2,56,0,100.0,0.0,185,0.3,2.0,Southampton (A),20,3,2,5,True
99,100,Dominic,Solanke,Chelsea,4,Forward,0,0,0,0,50,0,0,0,0.0,0.0,0,0.0,0.0,Southampton (A),0,0,0,5,True
100,101,Radamel Falcao,García Zárate,Chelsea,4,Forward,0,0,1,8,69,1,41,0,0.0,0.0,222,0.0,1.6,Southampton (A),14,0,0,5,True
101,102,Julian,Speroni,Crystal Palace,5,Goalkeeper,0,0,0,0,43,0,0,0,100.0,100.0,0,0.0,0.0,West Brom (A),0,0,0,3,True
102,103,Wayne,Hennessey,Crystal Palace,5,Goalkeeper,1,0,0,25,42,1,321,0,,,1800,1.8,3.3,West Brom (A),65,40,4,3,True
103,104,Scott,Dann,Crystal Palace,5,Defender,1,1,5,31,59,11,462,3,100.0,100.0,2250,4.3,4.2,West Brom (A),106,43,7,3,True
104,105,Joel,Ward,Crystal Palace,5,Defender,1,0,2,25,45,7,342,2,100.0,100.0,1710,1.3,3.4,West Brom (A),64,45,2,3,True
105,106,Adrian,Mariappa,Crystal Palace,5,Defender,0,0,0,1,37,0,13,0,,,75,0.0,2.0,West Brom (A),2,0,0,3,True
106,107,Martin,Kelly,Crystal Palace,5,Defender,0,0,0,7,41,0,123,0,,,720,0.0,3.1,West Brom (A),25,0,0,3,True
107,108,Damien,Delaney,Crystal Palace,5,Defender,1,3,1,27,44,6,335,1,100.0,100.0,1800,2.3,3.1,West Brom (A),62,37,2,3,True
108,109,Pape,Souaré,Crystal Palace,5,Defender,-2,1,0,31,43,4,348,0,0.0,100.0,2160,0.5,2.5,West Brom (A),59,33,2,3,True
109,110,Ezekiel,Fryers,Crystal Palace,5,Defender,0,0,0,0,40,0,0,0,100.0,100.0,0,0.0,0.0,West Brom (A),0,0,0,3,True
110,111,Brede,Hangeland,Crystal Palace,5,Defender,0,0,0,6,40,2,127,0,,,630,0.0,3.6,West Brom (A),25,0,0,3,True
111,112,Yannick,Bolasie,Crystal Palace,5,Midfielder,0,1,4,12,60,5,191,1,0.0,0.0,1259,0.0,3.8,West Brom (A),61,0,0,3,True
112,113,Jason,Puncheon,Crystal Palace,5,Midfielder,0,3,0,27,55,0,324,0,0.0,0.0,2034,1.0,2.5,West Brom (A),60,37,6,3,True
113,114,Wilfried,Zaha,Crystal Palace,5,Midfielder,2,5,2,25,53,0,264,0,100.0,100.0,1875,3.3,2.8,West Brom (A),69,52,11,3,True
114,115,Mile,Jedinak,Crystal Palace,5,Midfielder,2,0,0,14,46,0,95,0,100.0,100.0,675,1.0,1.1,West Brom (A),18,15,1,3,True
115,116,Joe,Ledley,Crystal Palace,5,Midfielder,0,0,0,10,46,0,100,0,0.0,0.0,539,0.5,1.6,West Brom (A),18,23,4,3,True
116,117,James,McArthur,Crystal Palace,5,Midfielder,0,2,2,23,50,2,345,1,0.0,0.0,1933,0.5,2.8,West Brom (A),66,23,4,3,True
117,118,Jordon,Mutch,Crystal Palace,5,Midfielder,2,0,0,8,41,0,70,0,100.0,100.0,491,1.3,1.2,West Brom (A),17,11,2,3,True
118,119,Barry,Bannan,Crystal Palace,5,Midfielder,0,0,0,0,44,0,0,0,0.0,0.0,0,0.0,0.0,West Brom (A),0,0,0,3,True
119,120,Jonathan,Williams,Crystal Palace,5,Midfielder,0,0,0,0,43,0,3,0,0.0,0.0,11,0.0,1.0,West Brom (A),1,0,0,3,True
120,121,Chung-yong,Lee,Crystal Palace,5,Midfielder,1,0,1,8,43,2,93,0,100.0,100.0,318,1.0,1.8,West Brom (A),20,19,3,3,True
121,122,Adlène,Guédioura,Watford,18,Midfielder,0,0,0,3,42,0,29,0,100.0,100.0,59,0.0,1.0,Bournemouth (H),10,0,0,5,False
122,123,Glenn,Murray,Bournemouth,3,Forward,0,0,3,18,54,0,97,0,100.0,100.0,796,0.3,1.8,Watford (A),35,5,2,7,True
123,124,Dwight,Gayle,Crystal Palace,5,Forward,0,1,0,6,51,0,21,0,75.0,75.0,373,0.0,1.3,West Brom (A),9,0,0,9,True
124,125,Fraizer,Campbell,Crystal Palace,5,Forward,1,0,0,8,54,0,11,0,100.0,100.0,342,1.0,1.1,West Brom (A),11,1,2,9,True
125,126,Marouane,Chamakh,Crystal Palace,5,Forward,0,0,0,4,47,0,22,0,100.0,100.0,257,0.5,0.9,West Brom (A),9,0,1,9,True
126,127,Tim,Howard,Everton,6,Goalkeeper,0,0,0,34,49,5,432,2,100.0,50.0,2070,0.5,3.6,,83,29,4,5,True
127,128,Joel,Robles,Everton,6,Goalkeeper,2,0,0,1,43,0,61,0,,,270,4.0,5.3,,16,26,7,5,True
128,129,Leighton,Baines,Everton,6,Defender,0,2,0,11,61,2,151,0,100.0,100.0,659,0.3,3.5,,28,54,10,5,True
129,130,Seamus,Coleman,Everton,6,Defender,2,3,1,27,58,5,404,2,100.0,100.0,1808,5.3,3.4,,72,17,6,5,True
130,131,Phil,Jagielka,Everton,6,Defender,2,0,0,17,51,3,314,0,100.0,100.0,1311,3.8,3.3,,50,45,7,5,True
131,132,John,Stones,Everton,6,Defender,0,0,0,31,54,4,422,0,100.0,50.0,1890,0.3,2.7,,56,35,2,5,True
132,133,Luke,Garbutt,Everton,6,Defender,0,0,0,0,45,0,0,0,0.0,0.0,0,0.0,0.0,,0,0,0,5,True
133,134,Brendan,Galloway,Everton,6,Defender,0,1,0,20,39,0,216,0,100.0,100.0,1221,0.0,2.6,,39,0,0,5,True
134,135,Tony,Hibbert,Everton,6,Defender,0,0,0,0,39,0,0,0,0.0,0.0,0,0.0,0.0,,0,0,0,5,True
135,136,Tyias,Browning,Everton,6,Defender,0,0,0,5,38,0,55,0,0.0,0.0,298,0.0,1.8,,9,0,0,5,True
136,137,Kevin,Mirallas,Everton,6,Midfielder,0,0,2,5,68,1,80,0,100.0,100.0,458,0.5,1.9,,25,40,9,5,True
137,138,Ross,Barkley,Everton,6,Midfielder,2,8,8,34,74,14,527,4,,,2272,5.8,5.2,,135,61,20,5,True
138,139,Tom,Cleverley,Everton,6,Midfielder,1,4,1,16,51,8,266,2,100.0,100.0,1139,5.5,3.7,,55,49,9,5,True
139,140,Leon,Osman,Everton,6,Midfielder,1,0,0,0,44,0,20,0,,,116,0.5,1.3,,8,0,0,5,True
140,141,James,McCarthy,Everton,6,Midfielder,2,2,0,18,46,0,280,0,100.0,100.0,1515,2.0,2.4,,44,15,3,5,True
141,142,Aiden,McGeady,Everton,6,Midfielder,0,0,0,0,49,0,0,0,0.0,0.0,0,0.0,0.0,,0,0,0,5,True
142,143,Steven,Pienaar,Everton,6,Midfielder,0,0,0,2,48,0,20,0,100.0,100.0,93,0.5,1.3,,4,16,3,5,True
143,144,Gareth,Barry,Everton,6,Midfielder,1,2,0,35,42,4,392,0,100.0,100.0,2340,3.3,2.4,,63,53,11,5,True
144,145,Darron,Gibson,Everton,6,Midfielder,0,0,0,1,44,0,15,0,100.0,100.0,42,0.0,1.0,,4,0,0,5,True
145,146,Muhamed,Besic,Everton,6,Midfielder,0,0,0,3,44,0,72,0,25.0,0.0,251,0.3,1.3,,8,31,3,5,True
146,147,Bryan,Oviedo,Everton,6,Midfielder,3,0,0,6,42,1,111,0,100.0,100.0,534,2.8,2.3,,18,52,7,5,True
147,148,Gerard,Deulofeu,Everton,6,Midfielder,1,9,2,22,60,3,318,1,100.0,100.0,1163,0.8,3.4,,74,40,6,5,True
148,149,Romelu,Lukaku,Everton,6,Forward,2,5,16,35,89,25,538,7,100.0,100.0,2241,3.5,5.9,,153,2,5,5,True
149,150,Steven,Naismith,Norwich,12,Forward,4,2,4,18,50,5,172,1,100.0,100.0,761,4.8,3.4,Leicester (A),47,37,13,3,True
150,151,Arouna,Koné,Everton,6,Forward,1,4,5,19,45,6,286,2,,,1314,0.8,3.2,,73,-1,1,5,True
151,152,Kasper,Schmeichel,Leicester,7,Goalkeeper,2,0,0,29,46,3,475,1,,,2340,4.3,3.5,Norwich (H),91,71,15,7,False
152,153,Ben,Hamer,Leicester,7,Goalkeeper,0,0,0,0,40,0,0,0,0.0,0.0,0,0.0,0.0,Norwich (H),0,0,0,7,False
153,154,Wes,Morgan,Leicester,7,Defender,1,0,0,29,43,0,415,0,100.0,100.0,2340,3.5,2.8,Norwich (H),74,56,14,7,False
154,155,Christian,Fuchs,Leicester,7,Defender,0,3,0,13,48,12,433,2,100.0,100.0,1643,5.3,4.3,Norwich (H),87,74,17,7,False
155,156,Jeffrey,Schlupp,Leicester,7,Defender,0,1,1,19,47,0,184,1,0.0,0.0,998,0.0,1.9,Norwich (H),26,0,0,7,False
156,157,Marcin,Wasilewski,Leicester,7,Defender,-1,0,0,4,40,0,7,0,,,123,-0.3,-0.5,Norwich (H),-1,0,0,7,False
157,158,Paul,Konchesky,Leicester,7,Defender,0,0,0,0,45,0,0,0,0.0,0.0,0,0.0,0.0,Norwich (H),0,0,0,7,False
158,159,Ritchie,de Laet,Leicester,7,Defender,0,0,1,16,45,3,145,1,0.0,0.0,658,0.0,1.8,Norwich (H),22,2,1,7,False
159,160,Danny,Simpson,Leicester,7,Defender,-3,1,0,14,42,5,351,1,0.0,,1619,2.5,3.7,Norwich (H),71,61,14,7,False
160,161,Liam,Moore,Leicester,7,Defender,0,0,0,0,38,0,0,0,100.0,100.0,0,0.0,0.0,Norwich (H),0,0,0,7,False
161,162,Robert,Huth,Leicester,7,Defender,1,0,3,27,46,7,426,2,100.0,100.0,2250,7.8,3.7,Norwich (H),92,61,15,7,False
162,163,Riyad,Mahrez,Leicester,7,Midfielder,1,10,14,21,72,32,612,10,100.0,100.0,2016,6.8,7.4,Norwich (H),184,26,13,7,False
163,164,Marc,Albrighton,Leicester,7,Midfielder,2,7,1,20,49,4,405,1,,,2064,2.8,3.3,Norwich (H),87,37,8,7,False
164,165,Andy,King,Leicester,7,Midfielder,1,0,0,14,41,0,127,0,,,756,0.5,1.3,Norwich (H),23,3,1,7,False
165,166,Daniel,Drinkwater,Leicester,7,Midfielder,2,5,1,22,45,4,420,1,100.0,100.0,2047,5.3,3.3,Norwich (H),78,82,19,7,False
166,167,Dean,Hammond,Leicester,7,Midfielder,0,0,0,0,43,0,0,0,0.0,0.0,0,0.0,0.0,Norwich (H),0,0,0,7,False
167,168,Anthony,Knockaert,Leicester,7,Midfielder,0,0,0,0,45,0,0,0,,,0,0.0,0.0,Norwich (H),0,0,0,7,False
168,169,Matthew,James,Leicester,7,Midfielder,0,0,0,0,44,0,0,0,0.0,0.0,0,0.0,0.0,Norwich (H),0,0,0,7,False
169,170,Jamie,Vardy,Leicester,7,Forward,7,5,19,28,75,25,644,3,100.0,100.0,2268,7.3,6.3,Norwich (H),163,104,24,7,False
170,171,Leonardo,Ulloa,Leicester,7,Forward,0,2,2,7,52,2,121,1,100.0,100.0,627,1.8,2.1,Norwich (H),39,29,7,7,False
171,172,Andrej,Kramaric,Leicester,7,Forward,0,0,0,2,54,0,4,0,0.0,0.0,24,0.0,1.0,Norwich (H),2,0,0,7,False
172,173,David,Nugent,Leicester,7,Forward,0,0,0,0,55,0,0,0,0.0,0.0,0,0.0,0.0,Norwich (H),0,0,0,7,False
173,174,Shinji,Okazaki,Leicester,7,Forward,2,2,4,17,56,3,208,1,100.0,100.0,1314,2.8,2.5,Norwich (H),60,38,12,7,False
174,175,Simon,Mignolet,Liverpool,8,Goalkeeper,6,0,0,33,49,1,395,0,100.0,100.0,2250,2.3,3.1,,77,39,4,9,False
175,176,Adam,Bogdan,Liverpool,8,Goalkeeper,0,0,0,3,43,0,10,0,,,90,0.0,1.0,,1,0,0,9,False
176,177,Martin,Skrtel,Liverpool,8,Defender,0,0,1,21,54,6,333,0,0.0,0.0,1480,0.0,3.1,,53,0,0,9,False
177,178,José,Enrique Sanchez Diaz,Liverpool,8,Defender,0,0,0,0,42,0,0,0,,,0,0.0,0.0,,0,0,0,9,False
178,179,Kolo,Touré,Liverpool,8,Defender,14,0,1,10,44,2,114,1,100.0,100.0,432,3.8,2.6,,21,25,2,9,False
179,180,Mamadou,Sakho,Liverpool,8,Defender,6,0,0,24,47,5,337,0,100.0,100.0,1470,2.0,2.6,,45,53,3,9,False
180,181,Tiago,Ilori,Liverpool,8,Defender,0,0,0,0,44,0,0,0,100.0,100.0,0,0.0,0.0,,0,0,0,9,False
181,182,Dejan,Lovren,Liverpool,8,Defender,0,0,0,16,48,4,287,0,0.0,0.0,1221,0.5,3.1,,50,12,1,9,False
182,183,Javier,Manquillo,Liverpool,8,Defender,0,0,0,0,45,0,0,0,,,0,0.0,0.0,,0,0,0,9,False
183,184,Alberto,Moreno,Liverpool,8,Defender,6,1,0,30,48,7,394,1,,,1920,2.0,2.6,,64,49,4,9,False
184,185,Andre,Wisdom,Norwich,12,Defender,0,0,0,9,42,2,100,1,0.0,0.0,554,0.0,2.3,Leicester (A),16,0,0,9,True
185,186,Nathaniel,Clyne,Liverpool,8,Defender,13,0,1,36,52,2,427,1,100.0,100.0,2340,3.8,2.8,,74,39,3,9,False
186,187,Leiva,Lucas,Liverpool,8,Midfielder,0,0,0,30,43,1,298,0,100.0,100.0,1517,1.0,1.6,,32,52,5,9,False
187,188,Jordan,Henderson,Liverpool,8,Midfielder,6,3,2,14,65,3,221,1,100.0,100.0,993,4.3,3.8,,50,42,11,9,False
188,189,Raheem,Sterling,Man City,9,Midfielder,2,3,5,23,85,3,280,1,100.0,100.0,1655,1.5,3.5,,83,0,2,7,True
189,190,Joe,Allen,Liverpool,8,Midfielder,0,0,1,2,49,0,56,0,0.0,0.0,193,0.5,1.7,,15,5,1,9,False
190,191,Philippe,Coutinho,Liverpool,8,Midfielder,15,6,5,17,80,15,336,4,100.0,100.0,1481,3.8,5.4,,97,0,0,9,False
191,192,Jordon,Ibe,Liverpool,8,Midfielder,0,2,0,20,45,0,128,0,100.0,100.0,854,0.5,1.8,,36,16,2,9,False
192,193,Emre,Can,Liverpool,8,Midfielder,8,1,1,32,53,0,352,0,100.0,100.0,2041,3.5,2.2,,55,44,6,9,False
193,194,Adam,Lallana,Liverpool,8,Midfielder,0,4,2,18,73,3,261,0,75.0,100.0,1471,4.8,3.2,,68,46,13,9,False
194,195,Lazar,Markovic,Liverpool,8,Midfielder,0,0,0,0,58,0,0,0,0.0,0.0,0,0.0,0.0,,0,0,0,9,False
195,196,Oluwaseyi,Ojo,Liverpool,8,Midfielder,0,0,0,0,50,0,0,0,100.0,100.0,0,0.0,0.0,,0,0,0,9,False
196,197,James,Milner,Liverpool,8,Midfielder,8,6,4,29,65,6,358,0,100.0,100.0,1837,6.5,4.1,,86,71,15,9,False
197,198,Roberto,Firmino,Liverpool,8,Midfielder,6,7,6,23,82,12,370,4,100.0,100.0,1401,9.8,4.7,,108,58,22,9,False
198,199,Daniel,Sturridge,Liverpool,8,Forward,6,0,3,6,99,3,91,1,100.0,100.0,352,1.5,4.2,,25,0,0,9,False
199,200,Rickie,Lambert,West Brom,19,Forward,0,2,1,9,53,0,102,0,,,620,0.0,1.7,Crystal Palace (H),30,0,0,5,False
200,201,Fabio,Borini,Sunderland,16,Forward,1,2,2,23,54,1,124,0,100.0,100.0,1133,2.0,2.4,West Ham (A),39,20,7,3,True
201,202,Mario,Balotelli,Liverpool,8,Forward,0,0,0,0,69,0,0,0,0.0,0.0,0,0.0,0.0,,0,0,0,7,False
202,203,Danny,Ings,Liverpool,8,Forward,0,0,2,7,69,5,66,0,0.0,0.0,313,0.0,4.0,,20,0,0,9,False
203,204,Divock,Origi,Liverpool,8,Forward,5,0,2,3,54,2,59,0,100.0,100.0,300,1.3,2.2,,20,0,0,9,False
204,205,Joe,Hart,Man City,9,Goalkeeper,1,0,0,23,55,3,437,0,100.0,100.0,2160,3.3,4.1,,98,60,17,7,True
205,206,Willy,Caballero,Man City,9,Goalkeeper,0,0,0,5,48,0,36,0,,,180,0.0,2.5,,5,0,0,7,True
206,207,Aleksandar,Kolarov,Man City,9,Defender,1,2,2,23,61,11,420,1,100.0,100.0,1782,0.8,4.0,,87,8,2,7,True
207,208,Pablo,Zabaleta,Man City,9,Defender,1,0,0,7,57,0,78,0,100.0,100.0,450,0.3,2.0,,10,27,6,7,True
208,209,Vincent,Kompany,Man City,9,Defender,0,0,2,3,61,5,225,2,100.0,100.0,819,0.0,5.9,,59,0,0,7,True
209,210,Gaël,Clichy,Man City,9,Defender,7,1,0,4,53,8,132,1,100.0,100.0,473,4.3,4.8,,29,53,11,7,True
210,211,Martín,Demichelis,Man City,9,Defender,0,0,0,16,53,0,210,0,100.0,100.0,919,1.8,1.6,,28,73,12,7,True
211,212,Bacary,Sagna,Man City,9,Defender,0,3,0,22,56,17,485,2,0.0,0.0,1980,1.5,4.5,,99,38,6,7,True
212,213,Eliaquim,Mangala,Man City,9,Defender,0,0,0,13,53,0,255,0,0.0,0.0,1199,0.0,2.8,,39,0,0,7,True
213,214,Jason,Denayer,Man City,9,Defender,0,0,0,0,43,0,0,0,0.0,0.0,0,0.0,0.0,,0,0,0,7,True
214,215,Samir,Nasri,Man City,9,Midfielder,0,1,1,1,68,0,61,0,0.0,0.0,244,0.0,2.1,,15,0,0,7,True
215,216,David,Silva,Man City,9,Midfielder,2,8,1,14,99,3,315,2,100.0,100.0,1331,2.3,4.1,,73,58,17,7,True
216,217,Gnegneri Yaya,Touré,Man City,9,Midfielder,2,4,6,21,85,14,431,1,100.0,100.0,1861,1.8,4.4,,106,37,5,7,True
217,218,Jesús,Navas,Man City,9,Midfielder,0,6,0,12,61,1,271,0,0.0,0.0,1298,2.0,2.7,,60,19,9,7,True
218,219,Fernando,Luiz Rosa,Man City,9,Midfielder,2,1,2,22,56,5,373,0,100.0,100.0,1968,1.5,2.8,,65,9,2,7,True
219,220,Fernando Francisco,Reges,Man City,9,Midfielder,2,0,0,14,49,0,152,0,100.0,100.0,961,0.8,1.7,,25,23,4,7,True
220,221,Edin,Dzeko,Man City,9,Forward,0,0,0,0,75,0,0,0,0.0,0.0,0,0.0,0.0,,0,0,0,7,True
221,222,Sergio,Agüero,Man City,9,Forward,2,2,14,21,136,11,343,3,100.0,100.0,1416,6.3,5.7,,108,132,33,7,True
222,223,Stevan,Jovetic,Man City,9,Forward,0,0,0,0,70,0,0,0,0.0,0.0,0,0.0,0.0,,0,0,0,7,True
223,224,Wilfried,Bony,Man City,9,Forward,0,2,4,5,79,3,162,1,0.0,0.0,831,0.0,2.7,,46,0,0,7,True
224,225,Jose,Pozo,Man City,9,Forward,0,0,0,0,48,0,0,0,,,0,0.0,0.0,,0,0,0,7,True
225,226,David,de Gea,Man Utd,10,Goalkeeper,0,0,0,22,56,5,396,1,100.0,100.0,1980,2.8,4.0,Arsenal (H),89,60,17,9,False
226,227,Víctor,Valdés,Man Utd,10,Goalkeeper,0,0,0,0,47,0,0,0,0.0,0.0,0,0.0,0.0,Arsenal (H),0,0,0,9,False
227,228,Chris,Smalling,Man Utd,10,Defender,1,1,0,22,67,12,531,1,100.0,100.0,2250,2.5,4.0,Arsenal (H),100,68,14,9,False
228,229,Phil,Jones,Man Utd,10,Defender,0,0,0,4,48,6,139,0,25.0,25.0,530,0.0,3.1,Arsenal (H),31,0,0,9,False
229,230,Rafael Pereira,da Silva,Man Utd,10,Defender,0,0,0,0,50,0,0,0,,,0,0.0,0.0,Arsenal (H),0,0,0,9,False
230,231,Jonny,Evans,West Brom,19,Defender,7,0,1,22,47,8,418,1,100.0,25.0,1780,3.5,3.5,Crystal Palace (H),74,52,8,5,False
231,232,Guillermo,Varela,Man Utd,10,Defender,0,0,0,2,42,0,26,0,25.0,25.0,135,0.0,1.0,Arsenal (H),2,0,0,9,False
232,233,Luke,Shaw,Man Utd,10,Defender,0,1,0,3,53,4,135,0,0.0,0.0,450,0.0,5.4,Arsenal (H),27,0,0,9,False
233,234,Tyler,Blackett,Man Utd,10,Defender,0,0,0,0,44,0,0,0,0.0,0.0,0,0.0,0.0,Arsenal (H),0,0,0,9,False
234,235,Marcos,Rojo,Man Utd,10,Defender,0,1,0,2,50,3,116,0,0.0,0.0,479,0.0,5.2,Arsenal (H),31,0,0,9,False
235,236,Patrick,McNair,Man Utd,10,Defender,0,0,0,6,45,0,51,0,100.0,100.0,313,0.3,1.1,Arsenal (H),8,7,1,9,False
236,237,Antonio,Valencia,Man Utd,10,Defender,0,0,0,1,51,1,85,0,0.0,0.0,284,0.0,2.8,Arsenal (H),17,0,0,9,False
237,238,Juan,Mata,Man Utd,10,Midfielder,4,4,4,20,81,7,398,1,,,1990,2.5,3.7,Arsenal (H),96,22,5,9,False
238,239,Marouane,Fellaini,Man Utd,10,Midfielder,0,2,1,10,62,2,133,0,75.0,100.0,891,1.8,2.5,Arsenal (H),38,36,9,9,False
239,240,Memphis,Depay,Man Utd,10,Midfielder,1,1,2,18,78,2,124,0,100.0,100.0,1045,0.8,2.4,Arsenal (H),47,7,2,9,False
240,241,Michael,Carrick,Man Utd,10,Midfielder,1,0,0,14,48,0,221,0,100.0,100.0,1243,1.5,1.7,Arsenal (H),32,14,3,9,False
241,242,Ashley,Young,Man Utd,10,Midfielder,0,3,0,14,56,0,163,0,0.0,0.0,1013,0.0,2.1,Arsenal (H),34,4,1,9,False
242,243,Adnan,Januzaj,Man Utd,10,Midfielder,0,0,1,1,55,0,32,0,25.0,25.0,130,0.3,3.3,Arsenal (H),10,1,1,9,False
243,244,Ander,Herrera,Man Utd,10,Midfielder,0,2,2,9,65,5,235,1,100.0,100.0,1052,1.0,2.9,Arsenal (H),53,26,6,9,False
244,245,Ángel,Di María,Man Utd,10,Midfielder,0,0,0,0,85,0,0,0,50.0,50.0,0,0.0,0.0,Arsenal (H),0,0,0,9,False
245,246,Daley,Blind,Man Utd,10,Midfielder,2,1,1,24,52,4,452,1,,,2133,2.0,2.8,Arsenal (H),68,45,8,9,False
246,247,Andreas,Pereira,Man Utd,10,Midfielder,0,0,0,2,46,0,16,0,100.0,100.0,84,0.3,0.8,Arsenal (H),3,3,1,9,False
247,248,Robin,van Persie,Man Utd,10,Forward,0,0,0,0,95,0,0,0,,,0,0.0,0.0,Arsenal (H),0,0,0,9,False
248,249,Javier,Hernández,Man Utd,10,Forward,0,0,0,0,60,0,1,0,0.0,0.0,24,0.0,1.0,Arsenal (H),1,0,0,9,False
249,250,Wayne,Rooney,Man Utd,10,Forward,1,5,7,18,100,11,374,1,0.0,100.0,1903,4.5,4.3,Arsenal (H),94,78,21,9,False
250,251,James,Wilson,Man Utd,10,Forward,0,0,0,0,45,0,2,0,0.0,0.0,9,0.0,1.0,Arsenal (H),1,0,0,9,False
251,252,Tim,Krul,Newcastle,11,Goalkeeper,0,0,0,17,43,3,150,1,0.0,0.0,720,0.0,2.9,,23,0,0,9,False
252,253,Robert,Elliot,Newcastle,11,Goalkeeper,0,0,0,31,40,6,294,1,100.0,100.0,1530,2.5,3.4,,57,39,5,9,False
253,254,Michael,Williamson,Newcastle,11,Defender,0,0,0,0,42,0,0,0,0.0,0.0,0,0.0,0.0,,0,0,0,9,False
254,255,Steven,Taylor,Newcastle,11,Defender,-1,0,0,6,38,2,62,0,100.0,100.0,315,1.8,3.5,,14,0,0,9,False
255,256,Fabricio,Coloccini,Newcastle,11,Defender,0,0,1,49,45,1,403,0,100.0,100.0,2292,2.0,2.1,,54,45,4,9,False
256,257,Massadio,Haidara,Newcastle,11,Defender,0,1,0,9,42,2,113,0,0.0,0.0,555,0.0,2.4,,17,0,0,9,False
257,258,Paul,Dummett,Newcastle,11,Defender,0,0,1,22,42,5,236,0,100.0,0.0,1232,0.3,2.9,,43,14,2,9,False
258,259,Daryl,Janmaat,Newcastle,11,Defender,0,3,1,49,48,4,413,0,100.0,100.0,2192,2.8,2.4,,59,56,7,9,False
259,260,Gabriel,Obertan,Newcastle,11,Midfielder,0,1,0,6,42,0,38,0,0.0,0.0,279,0.0,2.2,,11,0,0,9,False
260,261,Cheick,Tioté,Newcastle,11,Midfielder,2,0,0,12,44,0,125,0,100.0,100.0,720,1.3,1.5,,19,0,0,9,False
261,262,Mehdi,Abeid,Newcastle,11,Midfielder,0,0,0,0,45,0,0,0,0.0,0.0,0,0.0,0.0,,0,0,0,9,False
262,263,Vurnon,Anita,Newcastle,11,Midfielder,0,1,0,27,42,0,218,0,75.0,0.0,1370,0.0,1.9,,35,0,0,9,False
263,264,Moussa,Sissoko,Newcastle,11,Midfielder,2,5,0,48,56,3,325,1,100.0,100.0,2167,2.3,2.8,,69,22,6,9,False
264,265,Jack,Colback,Newcastle,11,Midfielder,4,1,0,27,52,0,259,0,100.0,100.0,1524,1.0,1.6,,31,22,2,9,False
265,266,Yoan,Gouffran,Newcastle,11,Midfielder,0,0,0,7,55,0,24,0,,,154,0.3,1.1,,8,5,2,9,False
266,267,Sammy,Ameobi,Newcastle,11,Midfielder,0,0,0,0,50,0,0,0,,,0,0.0,0.0,,0,0,0,9,False
267,268,Siem,de Jong,Newcastle,11,Midfielder,0,1,0,4,60,0,57,0,75.0,25.0,353,0.0,1.4,,20,0,0,9,False
268,269,Rémy,Cabella,Newcastle,11,Midfielder,0,0,0,0,65,0,0,0,0.0,0.0,0,0.0,0.0,,0,0,0,9,False
269,270,Rolando,Aarons,Newcastle,11,Midfielder,2,0,0,9,45,0,32,0,100.0,100.0,343,1.8,1.4,,10,2,2,9,False
270,271,Papiss Demba,Cissé,Newcastle,11,Forward,0,0,2,14,62,4,94,0,75.0,0.0,612,0.0,2.2,,29,0,0,9,False
271,272,Adam,Armstrong,Newcastle,11,Forward,0,0,0,0,43,0,0,0,0.0,0.0,0,0.0,0.0,,0,0,0,9,False
272,273,Ayoze,Pérez Gutiérrez,Newcastle,11,Forward,0,2,5,29,51,10,271,0,,,1492,1.0,3.1,,72,45,11,9,False
273,274,Emmanuel,Riviere,Newcastle,11,Forward,0,0,0,0,54,0,2,0,100.0,100.0,3,0.3,1.0,,1,2,1,9,False
274,275,John,Ruddy,Norwich,12,Goalkeeper,2,0,0,27,41,1,225,0,,,1350,0.5,2.5,Leicester (A),37,0,0,9,True
275,276,Declan,Rudd,Norwich,12,Goalkeeper,0,0,0,23,39,2,178,0,,,990,0.8,2.6,Leicester (A),29,41,3,9,True
276,277,Sebastien,Bassong,Norwich,12,Defender,1,0,1,50,42,1,363,0,,,2340,2.0,1.9,Leicester (A),50,41,7,9,True
277,278,Steven,Whittaker,Norwich,12,Defender,0,0,1,19,40,0,83,0,100.0,100.0,660,0.0,1.3,Leicester (A),10,0,0,9,True
278,279,Russell,Martin,Norwich,12,Defender,1,0,3,43,42,1,292,1,100.0,100.0,1887,0.5,2.3,Leicester (A),48,21,1,9,True
279,280,Martin,Olsson,Norwich,12,Defender,1,2,0,25,44,0,151,0,100.0,100.0,1046,0.5,1.8,Leicester (A),27,14,1,9,True
280,281,Michael,Turner,Norwich,12,Defender,0,0,0,0,39,0,0,0,,,0,0.0,0.0,Leicester (A),0,0,0,9,True
281,282,Jos,Hooiveld,Norwich,12,Defender,0,0,0,0,40,0,0,0,,,0,0.0,0.0,Leicester (A),0,0,0,9,True
282,283,Ryan,Bennett,Norwich,12,Defender,0,1,0,17,39,2,196,0,,,1125,0.0,2.5,Leicester (A),33,15,1,9,True
283,284,Bradley,Johnson,Norwich,12,Midfielder,0,0,0,4,53,0,6,0,0.0,0.0,154,0.0,1.3,Leicester (A),5,0,0,9,True
284,285,Nathan,Redmond,Norwich,12,Midfielder,2,2,4,32,50,5,288,1,100.0,100.0,1602,1.3,3.0,Leicester (A),73,17,3,9,True
285,286,Wes,Hoolahan,Norwich,12,Midfielder,8,7,4,23,47,7,335,2,100.0,100.0,1455,4.8,4.3,Leicester (A),91,37,12,9,True
286,287,Jonny,Howson,Norwich,12,Midfielder,1,2,3,46,49,10,373,1,,,2064,1.5,3.0,Leicester (A),79,44,6,9,True
287,288,Graham,Dorrans,Norwich,12,Midfielder,1,1,0,27,44,0,173,0,100.0,100.0,1048,1.5,1.8,Leicester (A),30,27,6,9,True
288,289,Alexander,Tettey,Norwich,12,Midfielder,0,0,2,35,42,6,282,1,100.0,0.0,1824,0.3,2.4,Leicester (A),50,16,3,9,True
289,290,Gary,O'Neil,Norwich,12,Midfielder,2,0,0,15,42,0,83,0,100.0,100.0,800,1.0,1.2,Leicester (A),19,0,0,9,True
290,291,Elliott,Bennett,Norwich,12,Midfielder,0,0,0,0,42,0,0,0,0.0,0.0,0,0.0,0.0,Leicester (A),0,0,0,9,True
291,292,Youssouf,Mulumbu,Norwich,12,Midfielder,0,0,0,9,43,1,65,0,100.0,100.0,368,0.8,1.6,Leicester (A),11,11,2,9,True
292,293,Cameron,Jerome,Norwich,12,Forward,2,2,3,24,45,3,106,1,100.0,100.0,1231,1.8,2.3,Leicester (A),58,14,6,9,True
293,294,Ricky,van Wolfswinkel,Norwich,12,Forward,0,0,0,0,47,0,0,0,,,0,0.0,0.0,Leicester (A),0,0,0,9,True
294,295,Lewis,Grabban,Bournemouth,3,Forward,0,0,1,8,42,1,43,0,100.0,100.0,316,0.5,1.6,Watford (A),16,-1,1,7,True
295,296,Gary,Hooper,Norwich,12,Forward,0,0,0,1,42,0,5,0,0.0,0.0,13,0.0,1.0,Leicester (A),2,0,0,9,True
296,297,Kyle,Lafferty,Norwich,12,Forward,0,0,0,0,43,0,2,0,100.0,100.0,14,0.0,1.0,Leicester (A),1,0,0,9,True
297,298,Fraser,Forster,Southampton,13,Goalkeeper,6,0,0,0,50,3,152,1,100.0,100.0,540,7.5,7.0,Chelsea (H),42,82,24,7,False
298,299,Kelvin,Davis,Southampton,13,Goalkeeper,0,0,0,2,41,0,19,0,,,90,0.0,2.0,Chelsea (H),2,0,0,7,False
299,300,Maarten,Stekelenburg,Southampton,13,Goalkeeper,0,0,0,19,50,0,273,0,100.0,100.0,1530,0.0,3.4,Chelsea (H),57,0,0,7,False
300,301,Ryan,Bertrand,Southampton,13,Defender,6,3,0,16,53,3,368,1,100.0,100.0,1800,6.0,4.0,Chelsea (H),80,81,19,7,False
301,302,Jose,Fonte,Southampton,13,Defender,7,0,2,23,55,13,552,1,100.0,100.0,2240,7.0,4.2,Chelsea (H),108,82,19,7,False
302,303,Maya,Yoshida,Southampton,13,Defender,1,0,1,15,40,6,219,2,,,914,4.0,3.0,Chelsea (H),48,0,0,7,False
303,304,Matt,Targett,Southampton,13,Defender,6,2,0,6,39,6,238,2,100.0,100.0,855,3.3,5.2,Chelsea (H),57,61,18,7,False
304,305,Florin,Gardos,Southampton,13,Defender,0,0,0,0,44,0,0,0,0.0,0.0,0,0.0,0.0,Chelsea (H),0,0,0,7,False
305,306,Toby,Alderweireld,Spurs,14,Defender,2,3,2,20,63,12,556,1,,,2340,4.3,4.5,Swansea (H),116,60,9,9,False
306,307,Cédric,Soares,Southampton,13,Defender,1,1,0,12,48,6,429,0,100.0,100.0,1605,4.8,3.9,Chelsea (H),77,77,17,7,False
307,308,Morgan,Schneiderlin,Man Utd,10,Midfielder,2,0,1,14,51,1,282,0,100.0,100.0,1488,1.3,2.5,Arsenal (H),47,19,5,9,False
308,309,Steven,Davis,Southampton,13,Midfielder,3,2,2,18,48,4,395,1,100.0,100.0,1771,0.8,3.0,Chelsea (H),70,22,6,7,False
309,310,James,Ward-Prowse,Southampton,13,Midfielder,7,4,2,13,55,9,285,1,,,1292,3.8,3.0,Chelsea (H),69,81,23,7,False
310,311,Victor,Wanyama,Southampton,13,Midfielder,0,1,0,24,42,0,286,0,0.0,0.0,1884,1.8,1.9,Chelsea (H),41,52,9,7,False
311,312,Harrison,Reed,Southampton,13,Midfielder,0,0,0,0,42,0,2,0,,,11,0.0,1.0,Chelsea (H),1,0,0,7,False
312,313,Dusan,Tadic,Southampton,13,Midfielder,0,5,6,16,66,7,372,2,,,1500,1.5,4.3,Chelsea (H),100,42,12,7,False
313,314,Sadio,Mané,Southampton,13,Midfielder,0,8,3,21,74,5,290,1,100.0,100.0,1819,1.8,3.7,Chelsea (H),92,20,12,7,False
314,315,Jake,Hesketh,Southampton,13,Midfielder,0,0,0,0,47,0,0,0,,,0,0.0,0.0,Chelsea (H),0,0,0,7,False
315,316,Eljero,Elia,Southampton,13,Midfielder,0,0,0,0,60,0,0,0,,,0,0.0,0.0,Chelsea (H),0,0,0,7,False
316,317,Filip,Djuricic,Southampton,13,Midfielder,0,0,0,0,55,0,0,0,,,0,0.0,0.0,Chelsea (H),0,0,0,7,False
317,318,Shane,Long,Southampton,13,Forward,6,0,6,10,57,5,205,1,100.0,100.0,1293,3.0,3.3,Chelsea (H),60,13,6,7,False
318,319,Jay,Rodriguez,Southampton,13,Forward,0,0,0,5,64,0,22,0,0.0,0.0,252,0.0,1.3,Chelsea (H),10,0,0,7,False
319,320,Emmanuel,Mayuka,Southampton,13,Forward,0,0,0,0,45,0,0,0,0.0,0.0,0,0.0,0.0,Chelsea (H),0,0,0,7,False
320,321,Graziano,Pellè,Southampton,13,Forward,2,5,6,17,78,6,245,3,100.0,100.0,1538,1.3,3.9,Chelsea (H),77,1,1,7,False
321,322,Juan Miguel,Jiménez López,Southampton,13,Forward,0,0,0,2,53,0,32,0,,,147,0.3,1.0,Chelsea (H),11,4,1,7,False
322,323,Hugo,Lloris,Spurs,14,Goalkeeper,3,0,0,19,52,4,448,1,75.0,100.0,2250,4.5,4.0,Swansea (H),100,49,11,9,False
323,324,Michel,Vorm,Spurs,14,Goalkeeper,0,0,0,1,42,0,16,0,,,90,0.0,2.0,Swansea (H),2,0,0,9,False
324,325,Danny,Rose,Spurs,14,Defender,7,6,0,11,51,7,300,1,100.0,100.0,1251,3.5,4.6,Swansea (H),64,71,15,9,False
325,326,Younes,Kaboul,Sunderland,16,Defender,0,2,0,23,42,0,251,1,0.0,0.0,1153,0.0,2.5,West Ham (A),32,0,0,5,True
326,327,Kyle,Walker,Spurs,14,Defender,2,1,1,17,51,6,469,1,100.0,100.0,1971,2.0,3.7,Swansea (H),82,28,6,9,False
327,328,Jan,Vertonghen,Spurs,14,Defender,0,0,0,19,55,7,465,0,0.0,0.0,2054,0.0,3.1,Swansea (H),72,28,2,9,False
328,329,Vlad,Chiriches,Spurs,14,Defender,0,0,0,0,44,0,0,0,,,0,0.0,0.0,Swansea (H),0,0,0,9,False
329,330,Ben,Davies,Spurs,14,Defender,0,2,0,9,41,2,239,1,,,1089,1.5,3.8,Swansea (H),49,0,0,9,False
330,331,Eric,Dier,Spurs,14,Defender,1,1,3,20,53,3,436,1,100.0,100.0,2200,3.5,3.8,Swansea (H),94,55,12,9,False
331,332,Federico,Fazio,Spurs,14,Defender,0,0,0,0,47,0,0,0,0.0,0.0,0,0.0,0.0,Swansea (H),0,0,0,9,False
332,333,DeAndre,Yedlin,Sunderland,16,Defender,1,1,0,14,44,2,136,1,100.0,100.0,746,0.5,2.4,West Ham (A),26,0,0,5,True
333,334,Kieran,Trippier,Spurs,14,Defender,0,1,1,3,49,3,105,1,,,369,4.0,4.8,Swansea (H),24,28,3,9,False
334,335,Kevin,Wimmer,Spurs,14,Defender,1,0,0,1,46,1,68,0,,,286,3.8,3.8,Swansea (H),15,27,7,9,False
335,336,Mousa,Dembélé,Spurs,14,Midfielder,2,0,3,12,52,5,397,1,100.0,100.0,1558,2.5,3.0,Swansea (H),64,92,14,9,False
336,337,Andros,Townsend,Newcastle,11,Midfielder,7,0,1,8,58,0,68,0,100.0,100.0,334,3.0,2.5,,15,3,2,9,False
337,338,Nacer,Chadli,Spurs,14,Midfielder,1,2,2,7,66,3,157,0,100.0,100.0,786,3.8,2.7,Swansea (H),48,34,11,9,False
338,339,Etienne,Capoue,Watford,18,Midfielder,2,1,0,28,48,2,338,0,100.0,100.0,2280,2.0,2.3,Bournemouth (H),61,47,7,7,False
339,340,Erik,Lamela,Spurs,14,Midfielder,4,4,3,13,68,6,261,1,100.0,100.0,1491,2.0,3.2,Swansea (H),73,11,3,9,False
340,341,Christian,Eriksen,Spurs,14,Midfielder,10,10,5,17,85,18,524,3,100.0,100.0,1869,7.8,5.3,Swansea (H),123,125,33,9,False
341,342,Nabil,Bentaleb,Spurs,14,Midfielder,0,0,0,3,42,0,20,0,100.0,100.0,170,0.3,1.2,Swansea (H),6,3,1,9,False
342,343,Alex,Pritchard,West Brom,19,Midfielder,0,0,0,0,48,0,7,0,100.0,100.0,51,0.3,1.0,Crystal Palace (H),2,0,0,7,False
343,344,Benjamin,Stambouli,Spurs,14,Midfielder,0,0,0,0,45,0,0,0,,,0,0.0,0.0,Swansea (H),0,0,0,9,False
344,345,Ryan,Mason,Spurs,14,Midfielder,0,0,1,3,49,2,80,1,100.0,100.0,490,0.0,2.3,Swansea (H),23,0,0,9,False
345,346,Aaron,Lennon,Everton,6,Midfielder,2,1,3,11,56,4,184,1,,,682,5.8,3.3,,46,45,15,5,True
346,347,Tom,Carroll,Spurs,14,Midfielder,0,0,1,4,47,0,90,0,100.0,100.0,418,0.5,1.5,Swansea (H),23,8,2,9,False
347,348,Bamidele,Alli,Spurs,14,Midfielder,2,8,7,16,60,13,407,2,100.0,100.0,1745,7.3,4.8,Swansea (H),115,79,25,9,False
348,349,Emmanuel,Adebayor,Crystal Palace,5,Forward,7,0,1,3,58,1,21,0,100.0,100.0,208,2.5,3.3,West Brom (A),10,2,1,9,True
349,350,Harry,Kane,Spurs,14,Forward,6,2,16,18,101,21,490,5,,,2292,6.5,5.3,Swansea (H),137,115,28,9,False
350,351,Roberto,Soldado,Spurs,14,Forward,0,0,0,0,59,0,0,0,0.0,0.0,0,0.0,0.0,Swansea (H),0,0,0,9,False
351,352,Asmir,Begovic,Chelsea,4,Goalkeeper,0,0,0,18,47,1,218,0,,,1027,0.0,3.5,Southampton (A),42,0,0,5,True
352,353,Jack,Butland,Stoke,15,Goalkeeper,2,1,0,32,52,12,534,4,,,2340,1.5,4.3,Aston Villa (H),113,54,9,3,False
353,354,Jakob,Haugaard,Stoke,15,Goalkeeper,0,0,0,0,44,0,0,0,,,0,0.0,0.0,Aston Villa (H),0,0,0,3,False
354,355,Ryan,Shawcross,Stoke,15,Defender,0,0,0,10,48,0,228,0,0.0,0.0,1065,0.3,3.4,Aston Villa (H),44,27,7,3,False
355,356,Marc,Wilson,Stoke,15,Defender,0,0,0,7,44,0,41,0,0.0,0.0,261,0.3,1.0,Aston Villa (H),4,9,1,3,False
356,357,Geoff,Cameron,Stoke,15,Defender,0,0,0,17,42,1,269,0,0.0,0.0,1289,0.0,2.4,Aston Villa (H),44,0,0,3,False
357,358,Erik,Pieters,Stoke,15,Defender,2,1,0,31,50,7,509,2,100.0,100.0,2295,1.3,3.1,Aston Villa (H),80,51,8,3,False
358,359,Marc,Muniesa,Stoke,15,Defender,1,0,0,13,42,0,106,0,75.0,100.0,675,0.8,1.3,Aston Villa (H),10,9,1,3,False
359,360,Phil,Bardsley,Stoke,15,Defender,0,0,0,3,42,0,14,0,100.0,100.0,151,0.5,1.0,Aston Villa (H),2,8,2,3,False
360,361,Philipp,Wollscheid,Stoke,15,Defender,2,0,0,23,45,7,432,2,100.0,100.0,1784,1.0,3.5,Aston Villa (H),73,45,7,3,False
361,362,Stephen,Ireland,Stoke,15,Midfielder,1,1,0,1,46,0,49,0,100.0,100.0,199,0.5,1.2,Aston Villa (H),11,-2,0,3,False
362,363,Charlie,Adam,Stoke,15,Midfielder,0,0,0,7,55,0,96,0,0.0,0.0,850,0.0,1.5,Aston Villa (H),26,4,1,3,False
363,364,Glenn,Whelan,Stoke,15,Midfielder,2,0,0,30,43,0,399,0,100.0,100.0,2246,2.0,2.1,Aston Villa (H),55,49,7,3,False
364,365,Jonathan,Walters,Stoke,15,Midfielder,5,1,4,19,56,3,171,0,100.0,75.0,1348,2.3,3.2,Aston Villa (H),64,21,7,3,False
365,366,Steven,N'Zonzi,Stoke,15,Midfielder,0,0,0,0,50,0,0,0,,,0,0.0,0.0,Aston Villa (H),0,0,0,3,False
366,367,Steve,Sidwell,Stoke,15,Midfielder,0,0,0,1,42,0,5,0,0.0,0.0,13,0.0,1.0,Aston Villa (H),1,0,0,3,False
367,368,Marko,Arnautovic,Stoke,15,Midfielder,0,4,7,26,64,10,372,2,75.0,100.0,1879,1.0,4.7,Aston Villa (H),108,19,5,3,False
368,369,Peter,Odemwingie,Stoke,15,Midfielder,0,0,0,2,47,0,14,0,100.0,100.0,106,0.5,1.0,Aston Villa (H),5,2,1,3,False
369,370,Peter,Crouch,Stoke,15,Forward,0,0,0,5,56,0,17,0,100.0,100.0,158,0.8,1.2,Aston Villa (H),7,9,3,3,False
370,371,Mame Biram,Diouf,Stoke,15,Forward,1,0,3,15,62,5,125,0,100.0,100.0,916,1.0,2.5,Aston Villa (H),40,11,3,3,False
371,372,Bojan,Krkic,Stoke,15,Forward,0,2,5,13,49,14,276,0,100.0,100.0,1275,0.3,3.7,Aston Villa (H),70,15,3,3,False
372,373,Jose Luis,Mato Sanmartín,Stoke,15,Forward,5,2,3,10,55,1,137,0,,,664,2.0,2.7,Aston Villa (H),38,8,4,3,False
373,374,Vito,Mannone,Sunderland,16,Goalkeeper,3,0,0,13,43,0,117,0,,,720,2.5,2.1,West Ham (A),17,24,5,3,True
374,375,Costel,Pantilimon,Watford,18,Goalkeeper,0,0,0,33,46,5,311,3,,,1530,0.0,3.3,Bournemouth (H),56,0,0,5,False
375,376,John,O'Shea,Sunderland,16,Defender,1,0,0,33,43,0,268,0,100.0,100.0,1729,1.5,1.7,West Ham (A),34,35,4,3,True
376,377,Valentin,Roberge,Sunderland,16,Defender,0,0,0,0,40,0,0,0,,,0,0.0,0.0,West Ham (A),0,0,0,3,True
377,378,Billy,Jones,Sunderland,16,Defender,0,1,1,45,42,6,299,2,75.0,75.0,2017,0.8,1.9,West Ham (A),44,26,2,3,True
378,379,Patrick,van Aanholt,Sunderland,16,Defender,6,3,5,46,47,8,460,3,,,1980,4.5,3.6,West Ham (A),80,64,17,3,True
379,380,Santiago,Vergini,Sunderland,16,Defender,0,0,0,0,45,0,0,0,,,0,0.0,0.0,West Ham (A),0,0,0,3,True
380,381,Wes,Brown,Sunderland,16,Defender,0,0,0,15,42,0,88,0,100.0,100.0,540,0.5,0.8,West Ham (A),5,26,2,3,True
381,382,Sebastián,Coates,Sunderland,16,Defender,0,1,0,30,42,2,242,0,0.0,0.0,1229,0.0,1.5,West Ham (A),24,0,0,3,True
382,383,Lee,Cattermole,Sunderland,16,Midfielder,2,0,0,28,43,0,214,0,100.0,100.0,1525,2.0,1.6,West Ham (A),34,24,4,3,True
383,384,Sebastian,Larsson,Sunderland,16,Midfielder,0,0,0,9,50,0,67,0,0.0,0.0,386,0.0,1.2,West Ham (A),13,0,0,3,True
384,385,Jack,Rodwell,Sunderland,16,Midfielder,2,0,0,21,48,0,102,0,100.0,100.0,760,0.8,1.2,West Ham (A),19,9,2,3,True
385,386,Jordi,Gomez Garcia-Penche,Sunderland,16,Midfielder,0,0,0,8,48,0,57,0,0.0,0.0,352,0.0,1.8,West Ham (A),11,0,0,3,True
386,387,Liam,Bridcutt,Sunderland,16,Midfielder,0,0,0,0,43,0,0,0,0.0,0.0,0,0.0,0.0,West Ham (A),0,0,0,3,True
387,388,Emanuele,Giaccherini,Sunderland,16,Midfielder,0,0,0,0,53,0,0,0,0.0,0.0,0,0.0,0.0,West Ham (A),0,0,0,3,True
388,389,Adam,Johnson,Sunderland,16,Midfielder,0,6,2,27,58,2,250,0,0.0,0.0,1148,2.3,3.1,West Ham (A),58,35,7,3,True
389,390,William,Buckley,Sunderland,16,Midfielder,0,0,0,0,47,0,0,0,0.0,0.0,0,0.0,0.0,West Ham (A),0,0,0,3,True
390,391,Connor,Wickham,Crystal Palace,5,Forward,4,3,1,11,55,1,97,0,100.0,100.0,849,1.5,2.7,West Brom (A),35,11,4,3,True
391,392,Jermain,Defoe,Sunderland,16,Forward,2,0,10,35,51,8,305,2,100.0,100.0,1618,3.0,3.9,West Ham (A),85,8,6,3,True
392,393,Steven,Fletcher,Sunderland,16,Forward,0,1,4,23,48,2,153,1,0.0,0.0,1010,0.0,3.0,West Ham (A),48,0,0,3,True
393,394,Danny,Graham,Sunderland,16,Forward,0,1,0,10,41,0,35,0,0.0,0.0,360,0.0,1.5,West Ham (A),15,1,1,3,True
394,395,Lukasz,Fabianski,Swansea,17,Goalkeeper,3,1,0,34,47,0,453,0,,,2340,2.3,3.1,Spurs (A),80,56,10,7,True
395,396,Kristoffer,Nordfeldt,Swansea,17,Goalkeeper,0,0,0,0,42,0,0,0,,,0,0.0,0.0,Spurs (A),0,0,0,7,True
396,397,Kyle,Naughton,Swansea,17,Defender,1,2,0,25,46,7,300,1,100.0,100.0,1469,1.0,2.5,Spurs (A),53,37,9,7,True
397,398,Ashley,Williams,Swansea,17,Defender,2,0,1,34,48,17,559,3,,,2340,2.0,3.3,Spurs (A),85,87,19,7,True
398,399,Neil,Taylor,Swansea,17,Defender,2,2,0,33,48,4,403,0,,,2308,2.5,2.8,Spurs (A),73,54,13,7,True
399,400,Angel,Rangel,Swansea,17,Defender,6,1,0,13,41,1,193,0,100.0,100.0,899,2.8,2.7,Spurs (A),30,25,3,7,True
400,401,Kyle,Bartley,Swansea,17,Defender,0,0,0,6,42,0,51,0,,,286,0.0,0.8,Spurs (A),4,0,0,7,True
401,402,Dwight,Tiendalli,Swansea,17,Defender,0,0,0,0,40,0,0,0,0.0,0.0,0,0.0,0.0,Spurs (A),0,0,0,7,True
402,403,Jordi,Amat,Swansea,17,Defender,0,0,0,1,44,0,40,0,100.0,100.0,103,0.5,2.3,Spurs (A),9,15,3,7,True
403,404,Federico,Fernández,Swansea,17,Defender,2,1,0,28,48,7,418,1,100.0,100.0,1980,1.8,2.8,Spurs (A),62,67,12,7,True
404,405,Franck,Tabanou,Swansea,17,Defender,0,0,0,0,44,0,0,0,0.0,0.0,0,0.0,0.0,Spurs (A),0,0,0,7,True
405,406,Jack,Cork,Swansea,17,Midfielder,2,0,0,13,46,0,277,0,,,1466,1.5,1.7,Spurs (A),38,36,5,7,True
406,407,Gylfi,Sigurdsson,Swansea,17,Midfielder,2,1,7,31,71,12,362,1,,,2074,7.5,3.8,Spurs (A),99,72,20,7,True
407,408,Wayne,Routledge,Swansea,17,Midfielder,3,0,0,17,51,1,108,0,100.0,100.0,1035,2.5,1.8,Spurs (A),31,36,8,7,True
408,409,Nathan,Dyer,Leicester,7,Midfielder,0,1,1,4,46,0,61,0,100.0,100.0,238,0.3,1.6,Norwich (H),19,0,0,7,False
409,410,Leon,Britton,Swansea,17,Midfielder,2,0,0,12,42,0,186,0,,,1018,2.0,1.8,Spurs (A),30,37,6,7,True
410,411,Jonjo,Shelvey,Newcastle,11,Midfielder,1,5,1,29,53,3,343,0,100.0,100.0,1665,3.3,2.8,,58,51,8,9,False
411,412,Jay,Fulton,Swansea,17,Midfielder,0,0,0,0,43,0,0,0,100.0,100.0,0,0.0,0.0,Spurs (A),0,0,0,7,True
412,413,Sung-yueng,Ki,Swansea,17,Midfielder,0,1,1,27,50,2,280,1,100.0,100.0,1567,0.8,2.1,Spurs (A),46,45,9,7,True
413,414,Jefferson,Montero,Swansea,17,Midfielder,0,2,0,14,52,0,146,0,100.0,100.0,953,0.0,2.1,Spurs (A),35,0,0,7,True
414,415,Matt,Grimes,Swansea,17,Midfielder,0,0,0,0,42,0,4,0,0.0,,90,0.0,3.0,Spurs (A),3,0,0,7,True
415,416,André,Ayew,Swansea,17,Midfielder,2,4,8,32,68,16,372,4,100.0,100.0,2171,5.0,4.8,Spurs (A),121,63,19,7,True
416,417,Bafétimbi,Gomis,Swansea,17,Forward,1,0,5,19,63,2,177,0,100.0,100.0,1352,0.5,2.6,Spurs (A),59,1,1,7,True
417,418,Marvin,Emnes,Swansea,17,Forward,0,0,0,0,41,0,0,0,,,55,0.0,1.0,Spurs (A),1,0,0,7,True
418,419,Modou,Barrow,Swansea,17,Forward,1,1,0,9,43,0,62,0,100.0,100.0,451,0.5,1.3,Spurs (A),20,0,1,7,True
419,420,Ederzito Antonio,Macedo Lopes,Swansea,17,Forward,0,0,0,5,50,0,39,0,0.0,0.0,276,0.3,1.2,Spurs (A),15,3,1,7,True
420,421,Heurelho,Gomes,Watford,18,Goalkeeper,3,0,0,27,48,11,521,1,100.0,100.0,2316,4.3,4.3,Bournemouth (H),111,51,12,5,False
421,422,Jonathan,Bond,Watford,18,Goalkeeper,0,0,0,0,40,0,0,0,,,0,0.0,0.0,Bournemouth (H),0,0,0,5,False
422,423,Giedrius,Arlauskis,Watford,18,Goalkeeper,0,0,0,1,44,0,4,0,0.0,0.0,24,0.0,1.0,Bournemouth (H),1,0,0,5,False
423,424,Gabriele,Angella,Watford,18,Defender,0,0,0,0,43,0,0,0,0.0,0.0,0,0.0,0.0,Bournemouth (H),0,0,0,5,False
424,425,Craig,Cathcart,Watford,18,Defender,2,0,1,27,46,4,432,1,,,2269,5.0,3.3,Bournemouth (H),86,71,18,5,False
425,426,Sebastian,Prödl,Watford,18,Defender,2,0,0,15,42,1,193,0,100.0,100.0,1148,2.0,2.5,Bournemouth (H),35,28,5,5,False
426,427,Juan Carlos,Paredes,Watford,18,Defender,0,1,0,5,42,0,78,0,100.0,100.0,400,1.8,1.7,Bournemouth (H),20,33,8,5,False
427,428,Miguel,Layún,Watford,18,Defender,0,0,1,0,45,0,21,0,,,131,0.0,3.0,Bournemouth (H),9,0,0,5,False
428,429,Joel,Ekstrand,Watford,18,Defender,0,0,0,0,39,0,0,0,0.0,0.0,0,0.0,0.0,Bournemouth (H),0,0,0,5,False
429,430,Daniel,Pudil,Watford,18,Defender,0,0,0,0,40,0,0,0,,,0,0.0,0.0,Bournemouth (H),0,0,0,5,False
430,431,Tommie,Hoban,Watford,18,Defender,0,0,0,0,38,0,0,0,0.0,0.0,0,0.0,0.0,Bournemouth (H),0,0,0,5,False
431,432,Lloyd,Doyley,Watford,18,Defender,0,0,0,0,40,0,0,0,0.0,0.0,0,0.0,0.0,Bournemouth (H),0,0,0,5,False
432,433,Daniel,Tözsér,Watford,18,Midfielder,0,0,0,0,50,0,0,0,,,0,0.0,0.0,Bournemouth (H),0,0,0,5,False
433,434,Almen,Abdi,Watford,18,Midfielder,1,0,1,18,47,3,304,1,100.0,100.0,1416,1.0,2.2,Bournemouth (H),51,8,2,5,False
434,435,Ben,Watson,Watford,18,Midfielder,2,3,0,25,43,0,339,0,,,1935,2.3,2.4,Bournemouth (H),59,57,7,5,False
435,436,Diego,Fabbrini,Watford,18,Midfielder,0,0,0,0,45,0,0,0,0.0,0.0,0,0.0,0.0,Bournemouth (H),0,0,0,5,False
436,437,Ikechi,Anya,Watford,18,Midfielder,0,1,0,16,41,0,193,0,100.0,100.0,1303,0.0,2.1,Bournemouth (H),43,0,0,5,False
437,438,Lloyd,Dyer,Watford,18,Midfielder,0,0,0,0,42,0,0,0,,,0,0.0,0.0,Bournemouth (H),0,0,0,5,False
438,439,Lewis,McGugan,Watford,18,Midfielder,0,0,0,0,45,0,0,0,,,0,0.0,0.0,Bournemouth (H),0,0,0,5,False
439,440,Sean,Murray,Watford,18,Midfielder,0,0,0,0,44,0,0,0,0.0,0.0,0,0.0,0.0,Bournemouth (H),0,0,0,5,False
440,441,Troy,Deeney,Watford,18,Forward,13,8,8,28,52,16,464,3,,,2288,5.5,4.5,Bournemouth (H),116,51,10,5,False
441,442,Odion,Ighalo,Watford,18,Forward,2,6,15,28,62,25,499,7,100.0,100.0,2218,4.5,5.8,Bournemouth (H),151,46,16,5,False
442,443,Matej,Vydra,Watford,18,Forward,0,0,0,0,48,0,0,0,,,0,0.0,0.0,Bournemouth (H),0,0,0,5,False
443,444,Fernando,Forestieri,Watford,18,Forward,0,0,0,0,44,0,0,0,0.0,0.0,0,0.0,0.0,Bournemouth (H),0,0,0,5,False
444,445,Boaz,Myhill,West Brom,19,Goalkeeper,0,0,0,30,45,9,396,3,,,1980,0.0,3.7,Crystal Palace (H),81,10,1,3,False
445,446,Ben,Foster,West Brom,19,Goalkeeper,7,0,0,2,49,1,90,2,100.0,100.0,360,5.3,5.3,Crystal Palace (H),21,41,10,3,False
446,447,Jonas,Olsson,West Brom,19,Defender,12,1,1,17,43,6,244,2,100.0,100.0,1324,5.3,2.8,Crystal Palace (H),54,50,8,3,False
447,448,Craig,Dawson,West Brom,19,Defender,6,0,2,32,51,5,450,0,100.0,75.0,2340,4.8,3.6,Crystal Palace (H),93,55,12,3,False
448,449,Joleon,Lescott,Aston Villa,2,Defender,-1,0,3,34,46,9,368,2,100.0,100.0,1755,5.5,3.5,Stoke (A),69,56,10,3,True
449,450,Sébastien,Pocognoli,West Brom,19,Defender,0,0,0,0,42,0,0,0,,,0,0.0,0.0,Crystal Palace (H),0,0,0,3,False
450,451,Cristian,Gamboa,West Brom,19,Defender,0,0,0,0,38,0,-1,0,,,28,0.0,0.0,Crystal Palace (H),0,0,0,3,False
451,452,Gareth,McAuley,West Brom,19,Defender,0,0,1,25,49,5,353,1,75.0,0.0,1980,2.3,3.3,Crystal Palace (H),72,48,9,3,False
452,453,Darren,Fletcher,West Brom,19,Midfielder,2,2,1,31,43,6,348,1,100.0,100.0,2295,2.3,2.8,Crystal Palace (H),74,19,6,3,False
453,454,Stéphane,Sessegnon,West Brom,19,Midfielder,3,1,1,14,51,3,151,1,100.0,100.0,1075,2.3,2.8,Crystal Palace (H),44,22,8,3,False
454,455,Craig,Gardner,West Brom,19,Midfielder,0,1,1,20,51,2,156,0,,,1193,1.3,2.0,Crystal Palace (H),43,20,6,3,False
455,456,James,Morrison,West Brom,19,Midfielder,0,3,3,19,45,4,305,1,0.0,0.0,1338,0.0,3.3,Crystal Palace (H),60,0,0,3,False
456,457,Chris,Brunt,West Brom,19,Midfielder,0,4,0,25,51,1,262,0,100.0,25.0,1757,0.0,2.5,Crystal Palace (H),52,6,1,3,False
457,458,Claudio,Yacob,West Brom,19,Midfielder,3,1,0,23,44,0,260,0,100.0,100.0,1901,2.5,2.0,Crystal Palace (H),47,49,7,3,False
458,459,Callum,McManaman,West Brom,19,Midfielder,0,2,0,5,43,0,71,0,0.0,0.0,258,0.3,1.6,Crystal Palace (H),18,5,1,3,False
459,460,James,McClean,West Brom,19,Midfielder,0,2,2,29,47,3,240,0,100.0,100.0,1747,1.8,2.4,Crystal Palace (H),55,42,7,3,False
460,461,Victor,Anichebe,West Brom,19,Forward,1,0,0,4,45,0,18,0,100.0,100.0,335,1.3,1.4,Crystal Palace (H),10,10,4,3,False
461,462,Saido,Berahino,West Brom,19,Forward,2,0,3,12,58,8,143,0,100.0,100.0,996,1.3,2.3,Crystal Palace (H),49,4,3,3,False
462,463,Brown,Ideye,West Brom,19,Forward,0,0,0,0,53,0,0,0,0.0,0.0,0,0.0,0.0,Crystal Palace (H),0,0,0,3,False
463,464,Georgios,Samaras,West Brom,19,Forward,0,0,0,0,44,0,0,0,,,0,0.0,0.0,Crystal Palace (H),0,0,0,3,False
464,465,Adrián,San Miguel del Castillo,West Ham,20,Goalkeeper,1,0,0,27,50,3,416,1,100.0,100.0,2070,2.5,3.4,Sunderland (H),79,61,10,5,False
465,466,Darren,Randolph,West Ham,20,Goalkeeper,0,0,0,4,44,2,66,0,100.0,100.0,270,0.0,5.3,Sunderland (H),16,0,0,7,False
466,467,James,Collins,West Ham,20,Defender,0,0,0,14,43,3,254,1,100.0,100.0,1284,2.0,2.4,Sunderland (H),39,56,7,7,False
467,468,Joey,O'Brien,West Ham,20,Defender,0,0,0,0,44,0,0,0,0.0,0.0,0,0.0,0.0,Sunderland (H),0,0,0,7,False
468,469,Winston,Reid,West Ham,20,Defender,0,0,0,20,48,6,304,2,0.0,0.0,1325,3.0,3.0,Sunderland (H),45,46,10,7,False
469,470,James,Tomkins,West Ham,20,Defender,0,0,0,21,50,3,415,0,0.0,0.0,1825,2.0,3.0,Sunderland (H),67,52,7,7,False
470,471,Aaron,Cresswell,West Ham,20,Defender,1,3,1,30,57,11,456,1,100.0,100.0,2234,3.3,3.8,Sunderland (H),96,51,11,7,False
471,472,Reece,Burke,West Ham,20,Defender,0,0,0,0,39,0,0,0,100.0,100.0,0,0.0,0.0,Sunderland (H),0,0,0,7,False
472,473,Reece,Oxford,West Ham,20,Defender,0,0,0,2,37,0,38,0,100.0,100.0,138,0.0,2.0,Sunderland (H),8,0,0,7,False
473,474,Stewart,Downing,West Ham,20,Midfielder,0,0,0,0,60,0,0,0,,,0,0.0,0.0,Sunderland (H),0,0,0,7,False
474,475,Mark,Noble,West Ham,20,Midfielder,9,3,3,29,54,5,444,0,100.0,100.0,2164,4.3,3.2,Sunderland (H),79,43,8,7,False
475,476,Kevin,Nolan,West Ham,20,Midfielder,0,0,0,2,54,0,8,0,0.0,0.0,57,0.0,1.0,Sunderland (H),2,0,0,7,False
476,477,Matthew,Jarvis,Norwich,12,Midfielder,0,0,1,14,46,0,73,0,100.0,100.0,615,1.0,1.8,Leicester (A),23,11,4,9,True
477,478,Cheikhou,Kouyaté,West Ham,20,Midfielder,0,1,4,26,52,3,358,0,75.0,0.0,1965,2.5,3.4,Sunderland (H),75,52,12,7,False
478,479,Diego,Poyet,West Ham,20,Midfielder,0,0,0,0,45,0,0,0,0.0,0.0,0,0.0,0.0,Sunderland (H),0,0,0,7,False
479,480,Morgan,Amalfitano,West Ham,20,Midfielder,0,0,0,0,46,0,0,0,0.0,0.0,0,0.0,0.0,Sunderland (H),0,0,0,7,False
480,481,Pedro,Obiang,West Ham,20,Midfielder,1,1,0,13,48,0,155,0,100.0,100.0,857,0.5,1.5,Sunderland (H),26,12,2,7,False
481,482,Dimitri,Payet,West Ham,20,Midfielder,13,6,7,24,82,17,476,2,100.0,100.0,1590,5.0,5.7,Sunderland (H),108,48,7,7,False
482,483,Andy,Carroll,West Ham,20,Forward,1,1,3,8,63,3,137,0,75.0,100.0,726,0.5,2.6,Sunderland (H),39,0,0,7,False
483,484,Enner,Valencia,West Ham,20,Forward,2,2,4,10,58,6,165,2,75.0,100.0,862,5.3,3.8,Sunderland (H),49,70,20,7,False
484,485,Diafra,Sakho,West Ham,20,Forward,0,2,3,17,62,1,123,0,0.0,0.0,1038,0.0,3.5,Sunderland (H),42,0,0,7,False
485,486,Modibo,Maiga,West Ham,20,Forward,0,0,1,1,45,0,32,0,0.0,0.0,27,0.0,2.3,Sunderland (H),7,0,0,7,False
486,487,Mauro,Zárate,West Ham,20,Forward,0,0,3,8,53,8,168,1,100.0,100.0,788,0.0,2.7,Sunderland (H),41,0,0,7,False
487,488,Mark,Bunn,Aston Villa,2,Goalkeeper,0,0,0,9,43,3,124,1,,,540,3.8,5.2,Stoke (A),31,65,18,3,True
488,489,Cuco,Martina,Southampton,13,Defender,0,0,1,5,41,1,82,1,,,365,0.0,2.7,Chelsea (H),19,3,1,7,False
489,490,Adam,Matthews,Sunderland,16,Defender,0,0,0,1,42,0,4,0,100.0,100.0,37,0.0,1.0,West Ham (A),1,0,0,3,True
490,491,Yohan,Cabaye,Crystal Palace,5,Midfielder,2,1,5,22,64,13,418,3,100.0,100.0,1909,1.5,3.7,West Brom (A),86,22,3,3,True
491,492,José,Holebas,Watford,18,Defender,0,0,0,10,40,0,115,0,100.0,100.0,585,1.5,1.4,Bournemouth (H),10,25,6,5,False
492,493,Idrissa,Gueye,Aston Villa,2,Midfielder,2,0,0,37,46,3,381,0,100.0,100.0,2003,3.0,2.1,Stoke (A),49,64,8,3,True
493,494,Jon,Flanagan,Liverpool,8,Defender,0,0,0,0,44,0,0,0,100.0,100.0,0,0.0,0.0,,0,0,0,7,False
494,495,Matteo,Darmian,Man Utd,10,Defender,1,0,0,14,54,6,367,0,0.0,100.0,1520,2.3,3.5,Arsenal (H),73,64,12,9,False
495,496,Bastian,Schweinsteiger,Man Utd,10,Midfielder,0,1,1,10,66,2,211,0,0.0,0.0,1181,0.0,2.5,Arsenal (H),42,0,0,9,False
496,497,Georginio,Wijnaldum,Newcastle,11,Midfielder,1,4,9,46,70,11,500,3,,,2252,2.0,4.7,,123,68,17,9,False
497,498,Gastón,Ramírez,Southampton,13,Midfielder,0,1,0,1,52,0,28,0,0.0,0.0,31,0.0,2.0,Chelsea (H),6,0,0,7,False
498,499,Glen,Johnson,Stoke,15,Defender,1,3,0,29,52,9,468,2,75.0,100.0,2184,1.0,3.7,Aston Villa (H),92,63,10,3,False
499,500,Marco,Van Ginkel,Stoke,15,Midfielder,0,0,0,11,50,0,114,0,0.0,0.0,755,0.0,1.4,Aston Villa (H),23,5,1,3,False
500,501,Valon,Behrami,Watford,18,Midfielder,4,1,0,8,43,2,147,0,100.0,100.0,913,2.3,1.9,Bournemouth (H),28,51,6,5,False
501,502,Angelo,Ogbonna,West Ham,20,Defender,1,0,0,12,49,1,267,0,100.0,100.0,1246,0.3,3.0,Sunderland (H),48,20,1,5,False
502,503,Mark,Schwarzer,Leicester,7,Goalkeeper,0,0,0,0,38,0,0,0,100.0,100.0,0,0.0,0.0,Norwich (H),0,0,0,7,False
503,504,Anders,Lindegaard,West Brom,19,Goalkeeper,0,0,0,0,43,0,0,0,100.0,100.0,0,0.0,0.0,Crystal Palace (H),0,0,0,5,False
504,505,Karl,Darlow,Newcastle,11,Goalkeeper,0,0,0,1,39,0,15,0,100.0,100.0,90,0.0,3.0,,3,0,0,9,False
505,506,Jamaal,Lascelles,Newcastle,11,Defender,1,0,1,13,42,0,33,0,100.0,100.0,300,1.3,0.9,,7,17,5,9,False
506,507,Tony,Andreu,Norwich,12,Midfielder,0,0,0,0,42,0,0,0,100.0,100.0,0,0.0,0.0,Leicester (A),0,0,0,9,True
507,508,Jordy,Clasie,Southampton,13,Midfielder,2,0,0,6,52,0,161,0,100.0,100.0,874,1.8,2.4,Chelsea (H),29,19,3,7,False
508,509,Mohamed,El Ouriachi,Stoke,15,Midfielder,0,0,0,0,42,0,0,0,,,0,0.0,0.0,Aston Villa (H),0,0,0,3,False
509,510,Jeremain,Lens,Sunderland,16,Midfielder,0,3,2,26,60,0,144,0,0.0,0.0,1189,0.8,2.4,West Ham (A),43,19,5,3,True
510,511,Allan-Roméo,Nyom,Watford,18,Defender,2,1,0,23,47,9,442,2,100.0,100.0,1983,1.5,3.1,Bournemouth (H),80,20,3,5,False
511,512,Elliot,Lee,West Ham,20,Forward,0,0,0,0,43,0,0,0,0.0,0.0,0,0.0,0.0,Sunderland (H),0,0,0,5,False
512,513,Jordan,Amavi,Aston Villa,2,Defender,0,2,0,13,48,5,193,1,0.0,0.0,837,0.0,3.2,Stoke (A),32,0,0,3,True
513,514,Patrick,Bamford,Norwich,12,Forward,0,0,0,2,53,0,15,0,100.0,100.0,159,0.3,1.0,Leicester (A),7,0,0,7,True
514,515,Joseph,Gomez,Liverpool,8,Defender,0,1,0,5,43,3,98,1,0.0,0.0,437,0.0,4.6,,23,0,0,9,False
515,516,Patrick,Roberts,Man City,9,Midfielder,0,0,0,0,42,0,3,0,0.0,0.0,5,0.0,1.0,,1,0,0,7,True
516,517,Aleksandar,Mitrovic,Newcastle,11,Forward,2,2,5,32,62,6,168,1,50.0,100.0,1503,3.0,2.9,,64,3,5,9,False
517,518,Alex,McCarthy,Crystal Palace,5,Goalkeeper,0,0,0,7,38,0,109,0,,,540,0.0,3.0,West Brom (A),18,0,0,9,True
518,519,Miguel,Britos,Watford,18,Defender,0,0,0,14,45,1,207,0,75.0,75.0,1263,0.5,2.7,Bournemouth (H),40,23,3,7,False
519,520,José Manuel,Jurado Marín,Watford,18,Midfielder,0,2,0,13,53,2,241,0,75.0,100.0,1493,1.8,2.7,Bournemouth (H),51,29,6,5,False
520,521,Manuel,Lanzini,West Ham,20,Midfielder,0,2,4,13,49,9,236,2,100.0,0.0,952,0.0,4.0,Sunderland (H),56,0,0,5,False
521,522,José Ángel,Crespo,Aston Villa,2,Defender,0,0,0,1,44,0,6,0,0.0,0.0,90,0.0,2.0,Stoke (A),2,0,0,3,True
522,523,Jordan,Ayew,Aston Villa,2,Forward,0,0,5,27,54,9,189,0,0.0,0.0,1414,0.0,2.8,Stoke (A),54,10,2,3,True
523,524,Sergio,Romero,Man Utd,10,Goalkeeper,0,0,0,2,43,1,84,0,,,360,0.0,5.3,Arsenal (H),21,0,0,9,False
524,525,Ibrahim,Afellay,Stoke,15,Midfielder,10,2,1,23,51,6,250,2,100.0,100.0,1420,4.0,2.3,Aston Villa (H),53,43,7,3,False
525,526,Steven,Berghuis,Watford,18,Midfielder,0,0,0,2,55,0,17,0,100.0,100.0,91,0.0,1.0,Bournemouth (H),5,0,0,5,False
526,527,Robbie,Brady,Norwich,12,Midfielder,7,3,2,46,54,9,431,0,100.0,100.0,2238,2.8,3.2,Leicester (A),79,34,4,3,True
527,528,Steven,Caulker,Liverpool,8,Defender,0,0,0,2,52,1,50,0,100.0,100.0,151,0.3,2.0,,12,6,2,7,False
528,529,James,Chester,West Brom,19,Defender,6,0,0,9,45,0,50,0,100.0,100.0,400,1.8,1.6,Crystal Palace (H),8,0,0,5,False
529,530,Jordan,Veretout,Aston Villa,2,Midfielder,1,5,0,28,56,5,293,0,,,1530,2.5,2.9,Stoke (A),58,34,5,3,True
530,531,Rudy,Gestede,Aston Villa,2,Forward,0,1,4,25,55,6,154,1,50.0,50.0,1163,0.3,2.5,Stoke (A),54,28,8,3,True
531,532,Chancel,Mbemba,Newcastle,11,Defender,0,1,0,42,49,3,412,0,0.0,0.0,2113,0.3,2.1,,51,35,3,9,False
532,533,Yohan,Benalouane,Leicester,7,Defender,0,0,0,1,42,0,11,0,0.0,0.0,68,0.0,0.8,Norwich (H),3,0,0,7,False
533,534,Removed,Player,Leicester,7,Defender,0,0,0,0,50,0,0,0,,,0,0.0,0.0,Norwich (H),0,0,0,7,False
534,535,Max,Gradel,Bournemouth,3,Midfielder,0,3,0,5,57,0,56,0,0.0,0.0,252,0.0,4.0,Watford (A),16,0,0,7,True
535,536,Lee,Tomlin,Bournemouth,3,Forward,0,0,0,2,47,0,38,0,0.0,0.0,290,0.0,1.3,Watford (A),8,0,0,7,True
536,537,Bakary,Sako,Crystal Palace,5,Midfielder,0,1,2,8,50,6,105,2,0.0,0.0,667,0.0,3.9,West Brom (A),39,0,0,9,True
537,538,N'Golo,Kanté,Leicester,7,Midfielder,1,3,1,24,50,9,481,1,100.0,100.0,2053,3.0,2.9,Norwich (H),76,50,8,7,False
538,539,Jeff,Reine-Adelaide,Arsenal,1,Midfielder,0,0,0,0,48,0,0,0,,,0,0.0,0.0,Man Utd (A),0,0,0,3,True
539,540,Baily,Cargill,Bournemouth,3,Defender,0,0,0,0,39,0,0,0,,,0,0.0,0.0,Watford (A),0,0,0,7,True
540,541,Tom,Lawrence,Leicester,7,Forward,0,0,0,0,44,0,0,0,0.0,0.0,0,0.0,0.0,Norwich (H),0,0,0,7,False
541,542,Kelechi,Iheanacho,Man City,9,Forward,5,1,3,4,48,6,126,0,100.0,100.0,356,2.0,2.2,,38,17,6,7,True
542,543,Vadis,Odjidja-Ofoe,Norwich,12,Midfielder,0,2,0,7,49,0,64,0,100.0,100.0,255,0.3,2.0,Leicester (A),16,1,2,9,True
543,544,Yann,M'Vila,Sunderland,16,Midfielder,2,5,1,46,49,7,526,0,100.0,100.0,2215,2.0,3.1,West Ham (A),78,55,6,5,True
544,545,Martin,Samuelsen,West Ham,20,Midfielder,0,0,0,0,44,0,0,0,0.0,0.0,0,0.0,0.0,Sunderland (H),0,0,0,5,False
545,546,Sam,Johnstone,Man Utd,10,Goalkeeper,0,0,0,0,43,0,0,0,0.0,0.0,0,0.0,0.0,Arsenal (H),0,0,0,9,False
546,547,Conor,McAleny,Everton,6,Forward,0,0,0,0,44,0,0,0,0.0,0.0,0,0.0,0.0,,0,0,0,5,True
547,548,Rene,Gilmartin,Watford,18,Goalkeeper,0,0,0,0,40,0,0,0,0.0,0.0,0,0.0,0.0,Bournemouth (H),0,0,0,7,False
548,549,Paulo,Gazzaniga,Southampton,13,Goalkeeper,0,0,0,3,45,0,34,0,,,180,0.0,2.5,Chelsea (H),5,0,0,7,False
549,550,Jack,Rose,West Brom,19,Goalkeeper,0,0,0,0,39,0,0,0,,,0,0.0,0.0,Crystal Palace (H),0,0,0,3,False
